precipitation_sum,temperature_2m_max,temperature_2m_min,temperature_2m_mean,windspeed_10m_max,circuit_id,month,driverId,grid,driver_age,constructor,results
5.5,22.7,10.6,15.4,30.4,1,3,20,3,36,6,1
5.5,22.7,10.6,15.4,30.4,1,3,1,1,38,131,1
5.5,22.7,10.6,15.4,30.4,1,3,8,2,44,6,1
5.5,22.7,10.6,15.4,30.4,1,3,817,8,34,9,1
5.5,22.7,10.6,15.4,30.4,1,3,4,10,42,1,1
5.5,22.7,10.6,15.4,30.4,1,3,830,4,26,9,1
5.5,22.7,10.6,15.4,30.4,1,3,807,7,36,4,1
5.5,22.7,10.6,15.4,30.4,1,3,822,15,34,131,1
5.5,22.7,10.6,15.4,30.4,1,3,838,11,31,1,1
5.5,22.7,10.6,15.4,30.4,1,3,832,9,29,4,1
5.5,22.7,10.6,15.4,30.4,1,3,815,12,33,10,1
5.5,22.7,10.6,15.4,30.4,1,3,839,14,27,10,1
5.5,22.7,10.6,15.4,30.4,1,3,844,18,26,15,1
5.5,22.7,10.6,15.4,30.4,1,3,840,13,24,3,1
5.5,22.7,10.6,15.4,30.4,1,3,843,16,33,5,1
5.5,22.7,10.6,15.4,30.4,1,3,154,6,37,210,0
5.5,22.7,10.6,15.4,30.4,1,3,825,5,31,210,0
5.5,22.7,10.6,15.4,30.4,1,3,842,20,27,5,0
5.5,22.7,10.6,15.4,30.4,1,3,828,17,33,15,0
5.5,22.7,10.6,15.4,30.4,1,3,845,19,28,3,0
0.3,24.8,22.3,23.9,21.6,3,4,20,1,36,6,1
0.3,24.8,22.3,23.9,21.6,3,4,822,3,34,131,1
0.3,24.8,22.3,23.9,21.6,3,4,1,9,38,131,1
0.3,24.8,22.3,23.9,21.6,3,4,842,5,27,5,1
0.3,24.8,22.3,23.9,21.6,3,4,825,6,31,210,1
0.3,24.8,22.3,23.9,21.6,3,4,807,7,36,4,1
0.3,24.8,22.3,23.9,21.6,3,4,4,13,42,1,1
0.3,24.8,22.3,23.9,21.6,3,4,838,14,31,1,1
0.3,24.8,22.3,23.9,21.6,3,4,828,17,33,15,1
0.3,24.8,22.3,23.9,21.6,3,4,839,8,27,10,1
0.3,24.8,22.3,23.9,21.6,3,4,832,10,29,4,1
0.3,24.8,22.3,23.9,21.6,3,4,844,19,26,15,1
0.3,24.8,22.3,23.9,21.6,3,4,154,16,37,210,1
0.3,24.8,22.3,23.9,21.6,3,4,840,20,24,3,1
0.3,24.8,22.3,23.9,21.6,3,4,845,18,28,3,1
0.3,24.8,22.3,23.9,21.6,3,4,815,12,33,10,1
0.3,24.8,22.3,23.9,21.6,3,4,843,11,33,5,1
0.3,24.8,22.3,23.9,21.6,3,4,8,2,44,6,0
0.3,24.8,22.3,23.9,21.6,3,4,830,15,26,9,0
0.3,24.8,22.3,23.9,21.6,3,4,817,4,34,9,0
0.0,18.8,6.7,12.6,13.6,17,4,817,6,34,9,1
0.0,18.8,6.7,12.6,13.6,17,4,822,3,34,131,1
0.0,18.8,6.7,12.6,13.6,17,4,8,2,44,6,1
0.0,18.8,6.7,12.6,13.6,17,4,1,4,38,131,1
0.0,18.8,6.7,12.6,13.6,17,4,830,5,26,9,1
0.0,18.8,6.7,12.6,13.6,17,4,807,7,36,4,1
0.0,18.8,6.7,12.6,13.6,17,4,4,13,42,1,1
0.0,18.8,6.7,12.6,13.6,17,4,20,1,36,6,1
0.0,18.8,6.7,12.6,13.6,17,4,832,9,29,4,1
0.0,18.8,6.7,12.6,13.6,17,4,825,11,31,210,1
0.0,18.8,6.7,12.6,13.6,17,4,839,12,27,10,1
0.0,18.8,6.7,12.6,13.6,17,4,815,8,33,10,1
0.0,18.8,6.7,12.6,13.6,17,4,838,14,31,1,1
0.0,18.8,6.7,12.6,13.6,17,4,840,18,24,3,1
0.0,18.8,6.7,12.6,13.6,17,4,845,16,28,3,1
0.0,18.8,6.7,12.6,13.6,17,4,828,20,33,15,1
0.0,18.8,6.7,12.6,13.6,17,4,154,10,37,210,1
0.0,18.8,6.7,12.6,13.6,17,4,842,17,27,5,1
0.0,18.8,6.7,12.6,13.6,17,4,844,19,26,15,1
0.0,18.8,6.7,12.6,13.6,17,4,843,15,33,5,0
0.0,14.6,10.7,13.0,42.2,73,4,1,2,38,131,1
0.0,14.6,10.7,13.0,42.2,73,4,8,6,44,6,1
0.0,14.6,10.7,13.0,42.2,73,4,815,8,33,10,1
0.0,14.6,10.7,13.0,42.2,73,4,20,1,36,6,1
0.0,14.6,10.7,13.0,42.2,73,4,832,9,29,4,1
0.0,14.6,10.7,13.0,42.2,73,4,844,13,26,15,1
0.0,14.6,10.7,13.0,42.2,73,4,4,12,42,1,1
0.0,14.6,10.7,13.0,42.2,73,4,840,10,24,3,1
0.0,14.6,10.7,13.0,42.2,73,4,838,16,31,1,1
0.0,14.6,10.7,13.0,42.2,73,4,843,19,33,5,1
0.0,14.6,10.7,13.0,42.2,73,4,828,18,33,15,1
0.0,14.6,10.7,13.0,42.2,73,4,842,17,27,5,1
0.0,14.6,10.7,13.0,42.2,73,4,825,15,31,210,1
0.0,14.6,10.7,13.0,42.2,73,4,822,3,34,131,0
0.0,14.6,10.7,13.0,42.2,73,4,154,20,37,210,0
0.0,14.6,10.7,13.0,42.2,73,4,830,5,26,9,0
0.0,14.6,10.7,13.0,42.2,73,4,817,4,34,9,0
0.0,14.6,10.7,13.0,42.2,73,4,807,14,36,4,0
0.0,14.6,10.7,13.0,42.2,73,4,839,7,27,10,0
0.0,14.6,10.7,13.0,42.2,73,4,845,11,28,3,0
7.2,16.8,9.6,13.2,19.4,4,5,1,1,38,131,1
7.2,16.8,9.6,13.2,19.4,4,5,822,2,34,131,1
7.2,16.8,9.6,13.2,19.4,4,5,830,5,26,9,1
7.2,16.8,9.6,13.2,19.4,4,5,20,3,36,6,1
7.2,16.8,9.6,13.2,19.4,4,5,817,6,34,9,1
7.2,16.8,9.6,13.2,19.4,4,5,825,7,31,210,1
7.2,16.8,9.6,13.2,19.4,4,5,832,9,29,4,1
7.2,16.8,9.6,13.2,19.4,4,5,4,8,42,1,1
7.2,16.8,9.6,13.2,19.4,4,5,815,15,33,10,1
7.2,16.8,9.6,13.2,19.4,4,5,844,14,26,15,1
7.2,16.8,9.6,13.2,19.4,4,5,840,18,24,3,1
7.2,16.8,9.6,13.2,19.4,4,5,843,20,33,5,1
7.2,16.8,9.6,13.2,19.4,4,5,828,17,33,15,1
7.2,16.8,9.6,13.2,19.4,4,5,845,19,28,3,1
7.2,16.8,9.6,13.2,19.4,4,5,838,11,31,1,0
7.2,16.8,9.6,13.2,19.4,4,5,839,13,27,10,0
7.2,16.8,9.6,13.2,19.4,4,5,8,4,44,6,0
7.2,16.8,9.6,13.2,19.4,4,5,154,10,37,210,0
7.2,16.8,9.6,13.2,19.4,4,5,842,12,27,5,0
7.2,16.8,9.6,13.2,19.4,4,5,807,16,36,4,0
0.6,25.2,20.1,22.8,17.4,6,5,817,1,34,9,1
0.6,25.2,20.1,22.8,17.4,6,5,20,2,36,6,1
0.6,25.2,20.1,22.8,17.4,6,5,1,3,38,131,1
0.6,25.2,20.1,22.8,17.4,6,5,8,4,44,6,1
0.6,25.2,20.1,22.8,17.4,6,5,822,5,34,131,1
0.6,25.2,20.1,22.8,17.4,6,5,839,6,27,10,1
0.6,25.2,20.1,22.8,17.4,6,5,842,10,27,5,1
0.6,25.2,20.1,22.8,17.4,6,5,807,11,36,4,1
0.6,25.2,20.1,22.8,17.4,6,5,830,20,26,9,1
0.6,25.2,20.1,22.8,17.4,6,5,832,8,29,4,1
0.6,25.2,20.1,22.8,17.4,6,5,828,16,33,15,1
0.6,25.2,20.1,22.8,17.4,6,5,815,9,33,10,1
0.6,25.2,20.1,22.8,17.4,6,5,825,19,31,210,1
0.6,25.2,20.1,22.8,17.4,6,5,838,12,31,1,1
0.6,25.2,20.1,22.8,17.4,6,5,154,18,37,210,1
0.6,25.2,20.1,22.8,17.4,6,5,845,13,28,3,1
0.6,25.2,20.1,22.8,17.4,6,5,840,17,24,3,1
0.6,25.2,20.1,22.8,17.4,6,5,844,14,26,15,0
0.6,25.2,20.1,22.8,17.4,6,5,843,15,33,5,0
0.6,25.2,20.1,22.8,17.4,6,5,4,7,42,1,0
0.0,19.6,9.9,15.2,12.6,7,6,20,1,36,6,1
0.0,19.6,9.9,15.2,12.6,7,6,822,2,34,131,1
0.0,19.6,9.9,15.2,12.6,7,6,830,3,26,9,1
0.0,19.6,9.9,15.2,12.6,7,6,817,6,34,9,1
0.0,19.6,9.9,15.2,12.6,7,6,1,4,38,131,1
0.0,19.6,9.9,15.2,12.6,7,6,8,5,44,6,1
0.0,19.6,9.9,15.2,12.6,7,6,807,7,36,4,1
0.0,19.6,9.9,15.2,12.6,7,6,832,9,29,4,1
0.0,19.6,9.9,15.2,12.6,7,6,839,8,27,10,1
0.0,19.6,9.9,15.2,12.6,7,6,844,13,26,15,1
0.0,19.6,9.9,15.2,12.6,7,6,842,16,27,5,1
0.0,19.6,9.9,15.2,12.6,7,6,154,20,37,210,1
0.0,19.6,9.9,15.2,12.6,7,6,825,11,31,210,1
0.0,19.6,9.9,15.2,12.6,7,6,815,10,33,10,1
0.0,19.6,9.9,15.2,12.6,7,6,828,19,33,15,1
0.0,19.6,9.9,15.2,12.6,7,6,838,15,31,1,1
0.0,19.6,9.9,15.2,12.6,7,6,845,18,28,3,1
0.0,19.6,9.9,15.2,12.6,7,6,4,14,42,1,0
0.0,19.6,9.9,15.2,12.6,7,6,843,12,33,5,0
0.0,19.6,9.9,15.2,12.6,7,6,840,17,24,3,0
1.7,22.7,15.2,19.7,13.1,34,6,1,1,38,131,1
1.7,22.7,15.2,19.7,13.1,34,6,830,4,26,9,1
1.7,22.7,15.2,19.7,13.1,34,6,8,6,44,6,1
1.7,22.7,15.2,19.7,13.1,34,6,817,5,34,9,1
1.7,22.7,15.2,19.7,13.1,34,6,20,3,36,6,1
1.7,22.7,15.2,19.7,13.1,34,6,825,9,31,210,1
1.7,22.7,15.2,19.7,13.1,34,6,822,2,34,131,1
1.7,22.7,15.2,19.7,13.1,34,6,832,7,29,4,1
1.7,22.7,15.2,19.7,13.1,34,6,807,12,36,4,1
1.7,22.7,15.2,19.7,13.1,34,6,844,8,26,15,1
1.7,22.7,15.2,19.7,13.1,34,6,154,10,37,210,1
1.7,22.7,15.2,19.7,13.1,34,6,838,17,31,1,1
1.7,22.7,15.2,19.7,13.1,34,6,828,15,33,15,1
1.7,22.7,15.2,19.7,13.1,34,6,843,20,33,5,1
1.7,22.7,15.2,19.7,13.1,34,6,845,18,28,3,1
1.7,22.7,15.2,19.7,13.1,34,6,4,16,42,1,0
1.7,22.7,15.2,19.7,13.1,34,6,840,19,24,3,0
1.7,22.7,15.2,19.7,13.1,34,6,815,13,33,10,0
1.7,22.7,15.2,19.7,13.1,34,6,839,11,27,10,0
1.7,22.7,15.2,19.7,13.1,34,6,842,14,27,5,0
0.0,19.5,12.5,15.4,9.1,70,7,830,4,26,9,1
0.0,19.5,12.5,15.4,9.1,70,7,8,3,44,6,1
0.0,19.5,12.5,15.4,9.1,70,7,20,6,36,6,1
0.0,19.5,12.5,15.4,9.1,70,7,154,5,37,210,1
0.0,19.5,12.5,15.4,9.1,70,7,825,8,31,210,1
0.0,19.5,12.5,15.4,9.1,70,7,839,11,27,10,1
0.0,19.5,12.5,15.4,9.1,70,7,815,16,33,10,1
0.0,19.5,12.5,15.4,9.1,70,7,4,13,42,1,1
0.0,19.5,12.5,15.4,9.1,70,7,844,18,26,15,1
0.0,19.5,12.5,15.4,9.1,70,7,828,20,33,15,1
0.0,19.5,12.5,15.4,9.1,70,7,842,12,27,5,1
0.0,19.5,12.5,15.4,9.1,70,7,832,9,29,4,1
0.0,19.5,12.5,15.4,9.1,70,7,845,17,28,3,1
0.0,19.5,12.5,15.4,9.1,70,7,840,14,24,3,1
0.0,19.5,12.5,15.4,9.1,70,7,838,15,31,1,0
0.0,19.5,12.5,15.4,9.1,70,7,1,2,38,131,0
0.0,19.5,12.5,15.4,9.1,70,7,843,19,33,5,0
0.0,19.5,12.5,15.4,9.1,70,7,817,7,34,9,0
0.0,19.5,12.5,15.4,9.1,70,7,822,1,34,131,0
0.0,19.5,12.5,15.4,9.1,70,7,807,10,36,4,0
0.0,28.4,15.2,22.4,14.1,9,7,20,2,36,6,1
0.0,28.4,15.2,22.4,14.1,9,7,1,1,38,131,1
0.0,28.4,15.2,22.4,14.1,9,7,8,3,44,6,1
0.0,28.4,15.2,22.4,14.1,9,7,822,4,34,131,1
0.0,28.4,15.2,22.4,14.1,9,7,817,6,34,9,1
0.0,28.4,15.2,22.4,14.1,9,7,807,11,36,4,1
0.0,28.4,15.2,22.4,14.1,9,7,839,10,27,10,1
0.0,28.4,15.2,22.4,14.1,9,7,4,13,42,1,1
0.0,28.4,15.2,22.4,14.1,9,7,825,7,31,210,1
0.0,28.4,15.2,22.4,14.1,9,7,815,12,33,10,1
0.0,28.4,15.2,22.4,14.1,9,7,838,17,31,1,1
0.0,28.4,15.2,22.4,14.1,9,7,840,19,24,3,1
0.0,28.4,15.2,22.4,14.1,9,7,842,14,27,5,1
0.0,28.4,15.2,22.4,14.1,9,7,845,18,28,3,1
0.0,28.4,15.2,22.4,14.1,9,7,843,0,33,5,0
0.0,28.4,15.2,22.4,14.1,9,7,830,5,26,9,0
0.0,28.4,15.2,22.4,14.1,9,7,154,8,37,210,0
0.0,28.4,15.2,22.4,14.1,9,7,832,16,29,4,0
0.0,28.4,15.2,22.4,14.1,9,7,828,15,33,15,0
0.0,28.4,15.2,22.4,14.1,9,7,844,9,26,15,0
0.9,26.0,16.3,21.2,10.7,10,7,1,14,38,131,1
0.9,26.0,16.3,21.2,10.7,10,7,822,2,34,131,1
0.9,26.0,16.3,21.2,10.7,10,7,8,3,44,6,1
0.9,26.0,16.3,21.2,10.7,10,7,830,4,26,9,1
0.9,26.0,16.3,21.2,10.7,10,7,807,7,36,4,1
0.9,26.0,16.3,21.2,10.7,10,7,154,6,37,210,1
0.9,26.0,16.3,21.2,10.7,10,7,815,10,33,10,1
0.9,26.0,16.3,21.2,10.7,10,7,839,15,27,10,1
0.9,26.0,16.3,21.2,10.7,10,7,828,13,33,15,1
0.9,26.0,16.3,21.2,10.7,10,7,843,17,33,5,1
0.9,26.0,16.3,21.2,10.7,10,7,825,5,31,210,1
0.9,26.0,16.3,21.2,10.7,10,7,832,8,29,4,1
0.9,26.0,16.3,21.2,10.7,10,7,838,19,31,1,1
0.9,26.0,16.3,21.2,10.7,10,7,842,16,27,5,1
0.9,26.0,16.3,21.2,10.7,10,7,844,9,26,15,1
0.9,26.0,16.3,21.2,10.7,10,7,4,11,42,1,0
0.9,26.0,16.3,21.2,10.7,10,7,840,18,24,3,0
0.9,26.0,16.3,21.2,10.7,10,7,20,1,36,6,0
0.9,26.0,16.3,21.2,10.7,10,7,845,12,28,3,0
0.9,26.0,16.3,21.2,10.7,10,7,817,20,34,9,0
0.0,31.7,19.6,26.3,7.6,11,7,1,1,38,131,1
0.0,31.7,19.6,26.3,7.6,11,7,20,4,36,6,1
0.0,31.7,19.6,26.3,7.6,11,7,8,3,44,6,1
0.0,31.7,19.6,26.3,7.6,11,7,817,12,34,9,1
0.0,31.7,19.6,26.3,7.6,11,7,822,2,34,131,1
0.0,31.7,19.6,26.3,7.6,11,7,842,6,27,5,1
0.0,31.7,19.6,26.3,7.6,11,7,825,9,31,210,1
0.0,31.7,19.6,26.3,7.6,11,7,4,11,42,1,1
0.0,31.7,19.6,26.3,7.6,11,7,832,5,29,4,1
0.0,31.7,19.6,26.3,7.6,11,7,154,10,37,210,1
0.0,31.7,19.6,26.3,7.6,11,7,843,8,33,5,1
0.0,31.7,19.6,26.3,7.6,11,7,807,13,36,4,1
0.0,31.7,19.6,26.3,7.6,11,7,839,18,27,10,1
0.0,31.7,19.6,26.3,7.6,11,7,815,19,33,10,1
0.0,31.7,19.6,26.3,7.6,11,7,828,14,33,15,1
0.0,31.7,19.6,26.3,7.6,11,7,845,20,28,3,1
0.0,31.7,19.6,26.3,7.6,11,7,840,15,24,3,1
0.0,31.7,19.6,26.3,7.6,11,7,838,16,31,1,0
0.0,31.7,19.6,26.3,7.6,11,7,830,7,26,9,0
0.0,31.7,19.6,26.3,7.6,11,7,844,17,26,15,0
3.9,17.5,6.3,13.6,26.7,13,8,20,2,36,6,1
3.9,17.5,6.3,13.6,26.7,13,8,1,1,38,131,1
3.9,17.5,6.3,13.6,26.7,13,8,830,7,26,9,1
3.9,17.5,6.3,13.6,26.7,13,8,822,19,34,131,1
3.9,17.5,6.3,13.6,26.7,13,8,815,4,33,10,1
3.9,17.5,6.3,13.6,26.7,13,8,839,3,27,10,1
3.9,17.5,6.3,13.6,26.7,13,8,154,5,37,210,1
3.9,17.5,6.3,13.6,26.7,13,8,825,9,31,210,1
3.9,17.5,6.3,13.6,26.7,13,8,842,10,27,5,1
3.9,17.5,6.3,13.6,26.7,13,8,828,13,33,15,1
3.9,17.5,6.3,13.6,26.7,13,8,832,14,29,4,1
3.9,17.5,6.3,13.6,26.7,13,8,845,16,28,3,1
3.9,17.5,6.3,13.6,26.7,13,8,840,17,24,3,1
3.9,17.5,6.3,13.6,26.7,13,8,843,11,33,5,1
3.9,17.5,6.3,13.6,26.7,13,8,838,18,31,1,1
3.9,17.5,6.3,13.6,26.7,13,8,817,8,34,9,0
3.9,17.5,6.3,13.6,26.7,13,8,8,6,44,6,0
3.9,17.5,6.3,13.6,26.7,13,8,844,12,26,15,0
3.9,17.5,6.3,13.6,26.7,13,8,4,15,42,1,0
3.9,17.5,6.3,13.6,26.7,13,8,807,20,36,4,0
2.0,20.4,14.3,17.4,8.2,14,9,1,3,38,131,1
2.0,20.4,14.3,17.4,8.2,14,9,8,1,44,6,1
2.0,20.4,14.3,17.4,8.2,14,9,822,4,34,131,1
2.0,20.4,14.3,17.4,8.2,14,9,20,2,36,6,1
2.0,20.4,14.3,17.4,8.2,14,9,830,5,26,9,1
2.0,20.4,14.3,17.4,8.2,14,9,839,8,27,10,1
2.0,20.4,14.3,17.4,8.2,14,9,815,14,33,10,1
2.0,20.4,14.3,17.4,8.2,14,9,832,7,29,4,1
2.0,20.4,14.3,17.4,8.2,14,9,840,10,24,3,1
2.0,20.4,14.3,17.4,8.2,14,9,845,12,28,3,1
2.0,20.4,14.3,17.4,8.2,14,9,844,15,26,15,1
2.0,20.4,14.3,17.4,8.2,14,9,838,17,31,1,1
2.0,20.4,14.3,17.4,8.2,14,9,807,20,36,4,1
2.0,20.4,14.3,17.4,8.2,14,9,842,9,27,5,1
2.0,20.4,14.3,17.4,8.2,14,9,828,18,33,15,1
2.0,20.4,14.3,17.4,8.2,14,9,825,11,31,210,1
2.0,20.4,14.3,17.4,8.2,14,9,817,19,34,9,0
2.0,20.4,14.3,17.4,8.2,14,9,4,13,42,1,0
2.0,20.4,14.3,17.4,8.2,14,9,843,16,33,5,0
2.0,20.4,14.3,17.4,8.2,14,9,154,6,37,210,0
1.5,28.5,26.6,27.8,18.4,15,9,1,1,38,131,1
1.5,28.5,26.6,27.8,18.4,15,9,830,2,26,9,1
1.5,28.5,26.6,27.8,18.4,15,9,20,3,36,6,1
1.5,28.5,26.6,27.8,18.4,15,9,822,4,34,131,1
1.5,28.5,26.6,27.8,18.4,15,9,8,5,44,6,1
1.5,28.5,26.6,27.8,18.4,15,9,817,6,34,9,1
1.5,28.5,26.6,27.8,18.4,15,9,4,11,42,1,1
1.5,28.5,26.6,27.8,18.4,15,9,832,12,29,4,1
1.5,28.5,26.6,27.8,18.4,15,9,844,13,26,15,1
1.5,28.5,26.6,27.8,18.4,15,9,807,10,36,4,1
1.5,28.5,26.6,27.8,18.4,15,9,828,14,33,15,1
1.5,28.5,26.6,27.8,18.4,15,9,838,18,31,1,1
1.5,28.5,26.6,27.8,18.4,15,9,842,15,27,5,1
1.5,28.5,26.6,27.8,18.4,15,9,840,20,24,3,1
1.5,28.5,26.6,27.8,18.4,15,9,154,8,37,210,1
1.5,28.5,26.6,27.8,18.4,15,9,815,7,33,10,1
1.5,28.5,26.6,27.8,18.4,15,9,843,17,33,5,1
1.5,28.5,26.6,27.8,18.4,15,9,825,16,31,210,1
1.5,28.5,26.6,27.8,18.4,15,9,845,19,28,3,1
1.5,28.5,26.6,27.8,18.4,15,9,839,9,27,10,0
0.4,24.3,14.4,19.5,6.2,71,9,1,2,38,131,1
0.4,24.3,14.4,19.5,6.2,71,9,822,1,34,131,1
0.4,24.3,14.4,19.5,6.2,71,9,20,3,36,6,1
0.4,24.3,14.4,19.5,6.2,71,9,8,4,44,6,1
0.4,24.3,14.4,19.5,6.2,71,9,830,19,26,9,1
0.4,24.3,14.4,19.5,6.2,71,9,817,18,34,9,1
0.4,24.3,14.4,19.5,6.2,71,9,844,7,26,15,1
0.4,24.3,14.4,19.5,6.2,71,9,825,5,31,210,1
0.4,24.3,14.4,19.5,6.2,71,9,839,6,27,10,1
0.4,24.3,14.4,19.5,6.2,71,9,815,8,33,10,1
0.4,24.3,14.4,19.5,6.2,71,9,154,9,37,210,1
0.4,24.3,14.4,19.5,6.2,71,9,807,12,36,4,1
0.4,24.3,14.4,19.5,6.2,71,9,828,10,33,15,1
0.4,24.3,14.4,19.5,6.2,71,9,4,16,42,1,1
0.4,24.3,14.4,19.5,6.2,71,9,840,14,24,3,1
0.4,24.3,14.4,19.5,6.2,71,9,838,15,31,1,1
0.4,24.3,14.4,19.5,6.2,71,9,832,11,29,4,1
0.4,24.3,14.4,19.5,6.2,71,9,845,13,28,3,1
0.4,24.3,14.4,19.5,6.2,71,9,842,17,27,5,0
0.4,24.3,14.4,19.5,6.2,71,9,843,20,33,5,0
0.0,25.4,18.0,21.3,19.9,22,10,1,1,38,131,1
0.0,25.4,18.0,21.3,19.9,22,10,822,2,34,131,1
0.0,25.4,18.0,21.3,19.9,22,10,830,3,26,9,1
0.0,25.4,18.0,21.3,19.9,22,10,817,15,34,9,1
0.0,25.4,18.0,21.3,19.9,22,10,8,4,44,6,1
0.0,25.4,18.0,21.3,19.9,22,10,20,8,36,6,1
0.0,25.4,18.0,21.3,19.9,22,10,815,9,33,10,1
0.0,25.4,18.0,21.3,19.9,22,10,154,5,37,210,1
0.0,25.4,18.0,21.3,19.9,22,10,839,11,27,10,1
0.0,25.4,18.0,21.3,19.9,22,10,832,13,29,4,1
0.0,25.4,18.0,21.3,19.9,22,10,842,7,27,5,1
0.0,25.4,18.0,21.3,19.9,22,10,828,20,33,15,1
0.0,25.4,18.0,21.3,19.9,22,10,843,6,33,5,1
0.0,25.4,18.0,21.3,19.9,22,10,4,18,42,1,1
0.0,25.4,18.0,21.3,19.9,22,10,838,19,31,1,1
0.0,25.4,18.0,21.3,19.9,22,10,845,17,28,3,1
0.0,25.4,18.0,21.3,19.9,22,10,840,14,24,3,1
0.0,25.4,18.0,21.3,19.9,22,10,844,10,26,15,0
0.0,25.4,18.0,21.3,19.9,22,10,807,16,36,4,0
0.0,25.4,18.0,21.3,19.9,22,10,825,12,31,210,0
0.0,21.2,13.3,17.4,17.7,69,10,8,2,44,6,1
0.0,21.2,13.3,17.4,17.7,69,10,830,18,26,9,1
0.0,21.2,13.3,17.4,17.7,69,10,1,1,38,131,1
0.0,21.2,13.3,17.4,17.7,69,10,20,5,36,6,1
0.0,21.2,13.3,17.4,17.7,69,10,822,3,34,131,1
0.0,21.2,13.3,17.4,17.7,69,10,807,7,36,4,1
0.0,21.2,13.3,17.4,17.7,69,10,832,11,29,4,1
0.0,21.2,13.3,17.4,17.7,69,10,815,10,33,10,1
0.0,21.2,13.3,17.4,17.7,69,10,843,20,33,5,1
0.0,21.2,13.3,17.4,17.7,69,10,828,16,33,15,1
0.0,21.2,13.3,17.4,17.7,69,10,838,17,31,1,1
0.0,21.2,13.3,17.4,17.7,69,10,842,19,27,5,1
0.0,21.2,13.3,17.4,17.7,69,10,845,14,28,3,1
0.0,21.2,13.3,17.4,17.7,69,10,840,15,24,3,1
0.0,21.2,13.3,17.4,17.7,69,10,844,9,26,15,0
0.0,21.2,13.3,17.4,17.7,69,10,817,4,34,9,0
0.0,21.2,13.3,17.4,17.7,69,10,154,8,37,210,0
0.0,21.2,13.3,17.4,17.7,69,10,4,13,42,1,0
0.0,21.2,13.3,17.4,17.7,69,10,839,6,27,10,0
0.0,21.2,13.3,17.4,17.7,69,10,825,12,31,210,0
1.9,18.6,10.8,13.7,15.8,32,10,830,2,26,9,1
1.9,18.6,10.8,13.7,15.8,32,10,20,4,36,6,1
1.9,18.6,10.8,13.7,15.8,32,10,8,6,44,6,1
1.9,18.6,10.8,13.7,15.8,32,10,1,3,38,131,1
1.9,18.6,10.8,13.7,15.8,32,10,822,5,34,131,1
1.9,18.6,10.8,13.7,15.8,32,10,807,7,36,4,1
1.9,18.6,10.8,13.7,15.8,32,10,844,9,26,15,1
1.9,18.6,10.8,13.7,15.8,32,10,838,15,31,1,1
1.9,18.6,10.8,13.7,15.8,32,10,828,10,33,15,1
1.9,18.6,10.8,13.7,15.8,32,10,842,20,27,5,1
1.9,18.6,10.8,13.7,15.8,32,10,839,11,27,10,1
1.9,18.6,10.8,13.7,15.8,32,10,840,17,24,3,1
1.9,18.6,10.8,13.7,15.8,32,10,845,19,28,3,1
1.9,18.6,10.8,13.7,15.8,32,10,843,14,33,5,1
1.9,18.6,10.8,13.7,15.8,32,10,825,16,31,210,1
1.9,18.6,10.8,13.7,15.8,32,10,154,18,37,210,1
1.9,18.6,10.8,13.7,15.8,32,10,817,1,34,9,0
1.9,18.6,10.8,13.7,15.8,32,10,815,13,33,10,0
1.9,18.6,10.8,13.7,15.8,32,10,832,8,29,4,0
1.9,18.6,10.8,13.7,15.8,32,10,4,12,42,1,0
3.3,25.4,17.7,20.5,13.0,18,11,1,1,38,131,1
3.3,25.4,17.7,20.5,13.0,18,11,830,5,26,9,1
3.3,25.4,17.7,20.5,13.0,18,11,8,4,44,6,1
3.3,25.4,17.7,20.5,13.0,18,11,817,11,34,9,1
3.3,25.4,17.7,20.5,13.0,18,11,822,3,34,131,1
3.3,25.4,17.7,20.5,13.0,18,11,20,2,36,6,1
3.3,25.4,17.7,20.5,13.0,18,11,844,7,26,15,1
3.3,25.4,17.7,20.5,13.0,18,11,154,8,37,210,1
3.3,25.4,17.7,20.5,13.0,18,11,825,10,31,210,1
3.3,25.4,17.7,20.5,13.0,18,11,815,12,33,10,1
3.3,25.4,17.7,20.5,13.0,18,11,843,16,33,5,1
3.3,25.4,17.7,20.5,13.0,18,11,832,15,29,4,1
3.3,25.4,17.7,20.5,13.0,18,11,842,9,27,5,1
3.3,25.4,17.7,20.5,13.0,18,11,838,20,31,1,1
3.3,25.4,17.7,20.5,13.0,18,11,839,18,27,10,1
3.3,25.4,17.7,20.5,13.0,18,11,845,14,28,3,1
3.3,25.4,17.7,20.5,13.0,18,11,4,17,42,1,1
3.3,25.4,17.7,20.5,13.0,18,11,840,19,24,3,1
3.3,25.4,17.7,20.5,13.0,18,11,807,13,36,4,0
3.3,25.4,17.7,20.5,13.0,18,11,828,6,33,15,0
0.4,33.8,22.4,27.4,32.5,24,11,1,1,38,131,1
0.4,33.8,22.4,27.4,32.5,24,11,20,3,36,6,1
0.4,33.8,22.4,27.4,32.5,24,11,830,6,26,9,1
0.4,33.8,22.4,27.4,32.5,24,11,817,5,34,9,1
0.4,33.8,22.4,27.4,32.5,24,11,822,2,34,131,1
0.4,33.8,22.4,27.4,32.5,24,11,832,11,29,4,1
0.4,33.8,22.4,27.4,32.5,24,11,844,8,26,15,1
0.4,33.8,22.4,27.4,32.5,24,11,815,14,33,10,1
0.4,33.8,22.4,27.4,32.5,24,11,154,7,37,210,1
0.4,33.8,22.4,27.4,32.5,24,11,825,13,31,210,1
0.4,33.8,22.4,27.4,32.5,24,11,4,15,42,1,1
0.4,33.8,22.4,27.4,32.5,24,11,843,16,33,5,1
0.4,33.8,22.4,27.4,32.5,24,11,840,20,24,3,1
0.4,33.8,22.4,27.4,32.5,24,11,838,18,31,1,1
0.4,33.8,22.4,27.4,32.5,24,11,845,19,28,3,1
0.4,33.8,22.4,27.4,32.5,24,11,842,17,27,5,0
0.4,33.8,22.4,27.4,32.5,24,11,839,9,27,10,0
0.4,33.8,22.4,27.4,32.5,24,11,828,12,33,15,0
0.4,33.8,22.4,27.4,32.5,24,11,8,4,44,6,0
0.4,33.8,22.4,27.4,32.5,24,11,807,10,36,4,0
0.0,27.1,15.1,20.7,15.4,1,3,822,2,34,131,1
0.0,27.1,15.1,20.7,15.4,1,3,1,1,38,131,1
0.0,27.1,15.1,20.7,15.4,1,3,830,4,26,9,1
0.0,27.1,15.1,20.7,15.4,1,3,20,3,36,6,1
0.0,27.1,15.1,20.7,15.4,1,3,844,5,26,6,1
0.0,27.1,15.1,20.7,15.4,1,3,825,7,31,210,1
0.0,27.1,15.1,20.7,15.4,1,3,807,11,36,4,1
0.0,27.1,15.1,20.7,15.4,1,3,8,9,44,51,1
0.0,27.1,15.1,20.7,15.4,1,3,840,16,24,211,1
0.0,27.1,15.1,20.7,15.4,1,3,826,15,29,5,1
0.0,27.1,15.1,20.7,15.4,1,3,842,17,27,9,1
0.0,27.1,15.1,20.7,15.4,1,3,846,8,23,1,1
0.0,27.1,15.1,20.7,15.4,1,3,815,10,33,211,1
0.0,27.1,15.1,20.7,15.4,1,3,848,13,27,5,1
0.0,27.1,15.1,20.7,15.4,1,3,841,14,29,51,1
0.0,27.1,15.1,20.7,15.4,1,3,847,19,25,3,1
0.0,27.1,15.1,20.7,15.4,1,3,9,20,38,3,1
0.0,27.1,15.1,20.7,15.4,1,3,154,6,37,210,0
0.0,27.1,15.1,20.7,15.4,1,3,817,12,34,4,0
0.0,27.1,15.1,20.7,15.4,1,3,832,18,29,1,0
0.0,25.9,22.1,24.5,42.2,3,3,1,3,38,131,1
0.0,25.9,22.1,24.5,42.2,3,3,822,4,34,131,1
0.0,25.9,22.1,24.5,42.2,3,3,844,1,26,6,1
0.0,25.9,22.1,24.5,42.2,3,3,830,5,26,9,1
0.0,25.9,22.1,24.5,42.2,3,3,20,2,36,6,1
0.0,25.9,22.1,24.5,42.2,3,3,846,9,23,1,1
0.0,25.9,22.1,24.5,42.2,3,3,8,8,44,51,1
0.0,25.9,22.1,24.5,42.2,3,3,842,13,27,9,1
0.0,25.9,22.1,24.5,42.2,3,3,848,12,27,5,1
0.0,25.9,22.1,24.5,42.2,3,3,815,14,33,211,1
0.0,25.9,22.1,24.5,42.2,3,3,841,16,29,51,1
0.0,25.9,22.1,24.5,42.2,3,3,826,15,29,5,1
0.0,25.9,22.1,24.5,42.2,3,3,825,6,31,210,1
0.0,25.9,22.1,24.5,42.2,3,3,840,18,24,211,1
0.0,25.9,22.1,24.5,42.2,3,3,847,19,25,3,1
0.0,25.9,22.1,24.5,42.2,3,3,9,20,38,3,1
0.0,25.9,22.1,24.5,42.2,3,3,807,17,36,4,0
0.0,25.9,22.1,24.5,42.2,3,3,817,10,34,4,0
0.0,25.9,22.1,24.5,42.2,3,3,832,7,29,1,0
0.0,25.9,22.1,24.5,42.2,3,3,154,11,37,210,0
0.0,19.5,8.1,13.0,22.1,17,4,1,2,38,131,1
0.0,19.5,8.1,13.0,22.1,17,4,822,1,34,131,1
0.0,19.5,8.1,13.0,22.1,17,4,20,3,36,6,1
0.0,19.5,8.1,13.0,22.1,17,4,830,5,26,9,1
0.0,19.5,8.1,13.0,22.1,17,4,844,4,26,6,1
0.0,19.5,8.1,13.0,22.1,17,4,842,6,27,9,1
0.0,19.5,8.1,13.0,22.1,17,4,817,7,34,4,1
0.0,19.5,8.1,13.0,22.1,17,4,815,12,33,211,1
0.0,19.5,8.1,13.0,22.1,17,4,8,13,44,51,1
0.0,19.5,8.1,13.0,22.1,17,4,848,0,27,5,1
0.0,19.5,8.1,13.0,22.1,17,4,154,10,37,210,1
0.0,19.5,8.1,13.0,22.1,17,4,840,16,24,211,1
0.0,19.5,8.1,13.0,22.1,17,4,825,9,31,210,1
0.0,19.5,8.1,13.0,22.1,17,4,832,14,29,1,1
0.0,19.5,8.1,13.0,22.1,17,4,841,19,29,51,1
0.0,19.5,8.1,13.0,22.1,17,4,847,17,25,3,1
0.0,19.5,8.1,13.0,22.1,17,4,9,18,38,3,1
0.0,19.5,8.1,13.0,22.1,17,4,846,15,23,1,0
0.0,19.5,8.1,13.0,22.1,17,4,826,11,29,5,0
0.0,19.5,8.1,13.0,22.1,17,4,807,8,36,4,0
0.0,17.8,12.1,15.1,23.8,73,4,822,1,34,131,1
0.0,17.8,12.1,15.1,23.8,73,4,1,2,38,131,1
0.0,17.8,12.1,15.1,23.8,73,4,20,3,36,6,1
0.0,17.8,12.1,15.1,23.8,73,4,830,4,26,9,1
0.0,17.8,12.1,15.1,23.8,73,4,844,8,26,6,1
0.0,17.8,12.1,15.1,23.8,73,4,815,5,33,211,1
0.0,17.8,12.1,15.1,23.8,73,4,832,9,29,1,1
0.0,17.8,12.1,15.1,23.8,73,4,846,7,23,1,1
0.0,17.8,12.1,15.1,23.8,73,4,840,13,24,211,1
0.0,17.8,12.1,15.1,23.8,73,4,8,0,44,51,1
0.0,17.8,12.1,15.1,23.8,73,4,848,11,27,5,1
0.0,17.8,12.1,15.1,23.8,73,4,841,17,29,51,1
0.0,17.8,12.1,15.1,23.8,73,4,825,12,31,210,1
0.0,17.8,12.1,15.1,23.8,73,4,807,15,36,4,1
0.0,17.8,12.1,15.1,23.8,73,4,847,16,25,3,1
0.0,17.8,12.1,15.1,23.8,73,4,9,0,38,3,1
0.0,17.8,12.1,15.1,23.8,73,4,842,0,27,9,0
0.0,17.8,12.1,15.1,23.8,73,4,154,14,37,210,0
0.0,17.8,12.1,15.1,23.8,73,4,826,6,29,5,0
0.0,17.8,12.1,15.1,23.8,73,4,817,10,34,4,0
0.0,20.4,11.0,15.5,15.1,4,5,1,2,38,131,1
0.0,20.4,11.0,15.5,15.1,4,5,822,1,34,131,1
0.0,20.4,11.0,15.5,15.1,4,5,830,4,26,9,1
0.0,20.4,11.0,15.5,15.1,4,5,20,3,36,6,1
0.0,20.4,11.0,15.5,15.1,4,5,844,5,26,6,1
0.0,20.4,11.0,15.5,15.1,4,5,842,6,27,9,1
0.0,20.4,11.0,15.5,15.1,4,5,825,8,31,210,1
0.0,20.4,11.0,15.5,15.1,4,5,832,12,29,1,1
0.0,20.4,11.0,15.5,15.1,4,5,826,9,29,5,1
0.0,20.4,11.0,15.5,15.1,4,5,154,7,37,210,1
0.0,20.4,11.0,15.5,15.1,4,5,848,11,27,5,1
0.0,20.4,11.0,15.5,15.1,4,5,817,13,34,4,1
0.0,20.4,11.0,15.5,15.1,4,5,807,0,36,4,1
0.0,20.4,11.0,15.5,15.1,4,5,8,14,44,51,1
0.0,20.4,11.0,15.5,15.1,4,5,815,15,33,211,1
0.0,20.4,11.0,15.5,15.1,4,5,841,18,29,51,1
0.0,20.4,11.0,15.5,15.1,4,5,847,19,25,3,1
0.0,20.4,11.0,15.5,15.1,4,5,9,17,38,3,1
0.0,20.4,11.0,15.5,15.1,4,5,840,16,24,211,0
0.0,20.4,11.0,15.5,15.1,4,5,846,10,23,1,0
6.2,20.6,13.6,18.1,7.2,6,5,1,1,38,131,1
6.2,20.6,13.6,18.1,7.2,6,5,20,4,36,6,1
6.2,20.6,13.6,18.1,7.2,6,5,822,2,34,131,1
6.2,20.6,13.6,18.1,7.2,6,5,830,3,26,9,1
6.2,20.6,13.6,18.1,7.2,6,5,842,8,27,9,1
6.2,20.6,13.6,18.1,7.2,6,5,832,9,29,1,1
6.2,20.6,13.6,18.1,7.2,6,5,826,7,29,5,1
6.2,20.6,13.6,18.1,7.2,6,5,848,10,27,5,1
6.2,20.6,13.6,18.1,7.2,6,5,817,6,34,4,1
6.2,20.6,13.6,18.1,7.2,6,5,154,13,37,210,1
6.2,20.6,13.6,18.1,7.2,6,5,846,12,23,1,1
6.2,20.6,13.6,18.1,7.2,6,5,825,5,31,210,1
6.2,20.6,13.6,18.1,7.2,6,5,815,16,33,211,1
6.2,20.6,13.6,18.1,7.2,6,5,807,11,36,4,1
6.2,20.6,13.6,18.1,7.2,6,5,847,19,25,3,1
6.2,20.6,13.6,18.1,7.2,6,5,840,17,24,211,1
6.2,20.6,13.6,18.1,7.2,6,5,8,14,44,51,1
6.2,20.6,13.6,18.1,7.2,6,5,9,20,38,3,1
6.2,20.6,13.6,18.1,7.2,6,5,841,18,29,51,1
6.2,20.6,13.6,18.1,7.2,6,5,844,15,26,6,0
0.0,27.0,13.1,20.2,12.6,7,6,1,2,38,131,1
0.0,27.0,13.1,20.2,12.6,7,6,20,1,36,6,1
0.0,27.0,13.1,20.2,12.6,7,6,844,3,26,6,1
0.0,27.0,13.1,20.2,12.6,7,6,822,6,34,131,1
0.0,27.0,13.1,20.2,12.6,7,6,830,9,26,9,1
0.0,27.0,13.1,20.2,12.6,7,6,817,4,34,4,1
0.0,27.0,13.1,20.2,12.6,7,6,807,7,36,4,1
0.0,27.0,13.1,20.2,12.6,7,6,842,5,27,9,1
0.0,27.0,13.1,20.2,12.6,7,6,840,17,24,211,1
0.0,27.0,13.1,20.2,12.6,7,6,826,10,29,5,1
0.0,27.0,13.1,20.2,12.6,7,6,832,11,29,1,1
0.0,27.0,13.1,20.2,12.6,7,6,815,15,33,211,1
0.0,27.0,13.1,20.2,12.6,7,6,841,12,29,51,1
0.0,27.0,13.1,20.2,12.6,7,6,154,14,37,210,1
0.0,27.0,13.1,20.2,12.6,7,6,8,16,44,51,1
0.0,27.0,13.1,20.2,12.6,7,6,847,18,25,3,1
0.0,27.0,13.1,20.2,12.6,7,6,825,0,31,210,1
0.0,27.0,13.1,20.2,12.6,7,6,9,19,38,3,1
0.0,27.0,13.1,20.2,12.6,7,6,848,13,27,5,0
0.0,27.0,13.1,20.2,12.6,7,6,846,8,23,1,0
0.0,26.3,16.4,21.4,12.1,34,6,1,1,38,131,1
0.0,26.3,16.4,21.4,12.1,34,6,822,2,34,131,1
0.0,26.3,16.4,21.4,12.1,34,6,844,3,26,6,1
0.0,26.3,16.4,21.4,12.1,34,6,830,4,26,9,1
0.0,26.3,16.4,21.4,12.1,34,6,20,7,36,6,1
0.0,26.3,16.4,21.4,12.1,34,6,832,6,29,1,1
0.0,26.3,16.4,21.4,12.1,34,6,8,12,44,51,1
0.0,26.3,16.4,21.4,12.1,34,6,807,13,36,4,1
0.0,26.3,16.4,21.4,12.1,34,6,846,5,23,1,1
0.0,26.3,16.4,21.4,12.1,34,6,842,9,27,9,1
0.0,26.3,16.4,21.4,12.1,34,6,817,8,34,4,1
0.0,26.3,16.4,21.4,12.1,34,6,815,14,33,211,1
0.0,26.3,16.4,21.4,12.1,34,6,840,17,24,211,1
0.0,26.3,16.4,21.4,12.1,34,6,826,19,29,5,1
0.0,26.3,16.4,21.4,12.1,34,6,848,11,27,5,1
0.0,26.3,16.4,21.4,12.1,34,6,841,10,29,51,1
0.0,26.3,16.4,21.4,12.1,34,6,825,15,31,210,1
0.0,26.3,16.4,21.4,12.1,34,6,9,18,38,3,1
0.0,26.3,16.4,21.4,12.1,34,6,847,20,25,3,1
0.0,26.3,16.4,21.4,12.1,34,6,154,16,37,210,0
0.0,30.2,14.1,23.3,10.1,70,6,830,2,26,9,1
0.0,30.2,14.1,23.3,10.1,70,6,844,1,26,6,1
0.0,30.2,14.1,23.3,10.1,70,6,822,3,34,131,1
0.0,30.2,14.1,23.3,10.1,70,6,20,9,36,6,1
0.0,30.2,14.1,23.3,10.1,70,6,1,4,38,131,1
0.0,30.2,14.1,23.3,10.1,70,6,846,5,23,1,1
0.0,30.2,14.1,23.3,10.1,70,6,842,8,27,9,1
0.0,30.2,14.1,23.3,10.1,70,6,832,19,29,1,1
0.0,30.2,14.1,23.3,10.1,70,6,8,6,44,51,1
0.0,30.2,14.1,23.3,10.1,70,6,841,7,29,51,1
0.0,30.2,14.1,23.3,10.1,70,6,815,13,33,211,1
0.0,30.2,14.1,23.3,10.1,70,6,817,12,34,4,1
0.0,30.2,14.1,23.3,10.1,70,6,807,15,36,4,1
0.0,30.2,14.1,23.3,10.1,70,6,840,14,24,211,1
0.0,30.2,14.1,23.3,10.1,70,6,848,18,27,5,1
0.0,30.2,14.1,23.3,10.1,70,6,154,11,37,210,1
0.0,30.2,14.1,23.3,10.1,70,6,826,16,29,5,1
0.0,30.2,14.1,23.3,10.1,70,6,847,0,25,3,1
0.0,30.2,14.1,23.3,10.1,70,6,825,10,31,210,1
0.0,30.2,14.1,23.3,10.1,70,6,9,17,38,3,1
0.9,19.2,10.7,15.6,13.9,9,7,1,2,38,131,1
0.9,19.2,10.7,15.6,13.9,9,7,822,1,34,131,1
0.9,19.2,10.7,15.6,13.9,9,7,844,3,26,6,1
0.9,19.2,10.7,15.6,13.9,9,7,842,5,27,9,1
0.9,19.2,10.7,15.6,13.9,9,7,830,4,26,9,1
0.9,19.2,10.7,15.6,13.9,9,7,832,13,29,1,1
0.9,19.2,10.7,15.6,13.9,9,7,817,7,34,4,1
0.9,19.2,10.7,15.6,13.9,9,7,8,12,44,51,1
0.9,19.2,10.7,15.6,13.9,9,7,826,17,29,5,1
0.9,19.2,10.7,15.6,13.9,9,7,807,10,36,4,1
0.9,19.2,10.7,15.6,13.9,9,7,846,8,23,1,1
0.9,19.2,10.7,15.6,13.9,9,7,848,9,27,5,1
0.9,19.2,10.7,15.6,13.9,9,7,840,18,24,211,1
0.9,19.2,10.7,15.6,13.9,9,7,847,19,25,3,1
0.9,19.2,10.7,15.6,13.9,9,7,9,20,38,3,1
0.9,19.2,10.7,15.6,13.9,9,7,20,6,36,6,1
0.9,19.2,10.7,15.6,13.9,9,7,815,15,33,211,1
0.9,19.2,10.7,15.6,13.9,9,7,841,11,29,51,0
0.9,19.2,10.7,15.6,13.9,9,7,154,14,37,210,0
0.9,19.2,10.7,15.6,13.9,9,7,825,16,31,210,0
6.6,24.9,17.8,20.4,16.5,10,7,830,2,26,9,1
6.6,24.9,17.8,20.4,16.5,10,7,20,20,36,6,1
6.6,24.9,17.8,20.4,16.5,10,7,826,14,29,5,1
6.6,24.9,17.8,20.4,16.5,10,7,840,15,24,211,1
6.6,24.9,17.8,20.4,16.5,10,7,832,7,29,1,1
6.6,24.9,17.8,20.4,16.5,10,7,848,16,27,5,1
6.6,24.9,17.8,20.4,16.5,10,7,154,6,37,210,1
6.6,24.9,17.8,20.4,16.5,10,7,825,12,31,210,1
6.6,24.9,17.8,20.4,16.5,10,7,1,1,38,131,1
6.6,24.9,17.8,20.4,16.5,10,7,9,18,38,3,1
6.6,24.9,17.8,20.4,16.5,10,7,847,17,25,3,1
6.6,24.9,17.8,20.4,16.5,10,7,8,5,44,51,1
6.6,24.9,17.8,20.4,16.5,10,7,841,11,29,51,1
6.6,24.9,17.8,20.4,16.5,10,7,842,4,27,9,0
6.6,24.9,17.8,20.4,16.5,10,7,822,3,34,131,0
6.6,24.9,17.8,20.4,16.5,10,7,807,9,36,4,0
6.6,24.9,17.8,20.4,16.5,10,7,844,10,26,6,0
6.6,24.9,17.8,20.4,16.5,10,7,846,19,23,1,0
6.6,24.9,17.8,20.4,16.5,10,7,817,13,34,4,0
6.6,24.9,17.8,20.4,16.5,10,7,815,8,33,211,0
0.0,24.1,14.2,19.5,12.2,11,8,1,3,38,131,1
0.0,24.1,14.2,19.5,12.2,11,8,830,1,26,9,1
0.0,24.1,14.2,19.5,12.2,11,8,20,5,36,6,1
0.0,24.1,14.2,19.5,12.2,11,8,844,4,26,6,1
0.0,24.1,14.2,19.5,12.2,11,8,832,8,29,1,1
0.0,24.1,14.2,19.5,12.2,11,8,842,6,27,9,1
0.0,24.1,14.2,19.5,12.2,11,8,8,10,44,51,1
0.0,24.1,14.2,19.5,12.2,11,8,822,2,34,131,1
0.0,24.1,14.2,19.5,12.2,11,8,846,7,23,1,1
0.0,24.1,14.2,19.5,12.2,11,8,848,12,27,5,1
0.0,24.1,14.2,19.5,12.2,11,8,815,16,33,211,1
0.0,24.1,14.2,19.5,12.2,11,8,807,11,36,4,1
0.0,24.1,14.2,19.5,12.2,11,8,825,14,31,210,1
0.0,24.1,14.2,19.5,12.2,11,8,817,20,34,4,1
0.0,24.1,14.2,19.5,12.2,11,8,826,13,29,5,1
0.0,24.1,14.2,19.5,12.2,11,8,847,15,25,3,1
0.0,24.1,14.2,19.5,12.2,11,8,840,18,24,211,1
0.0,24.1,14.2,19.5,12.2,11,8,841,17,29,51,1
0.0,24.1,14.2,19.5,12.2,11,8,9,19,38,3,1
0.0,24.1,14.2,19.5,12.2,11,8,154,9,37,210,0
0.5,17.8,9.6,14.6,17.2,13,9,844,1,26,6,1
0.5,17.8,9.6,14.6,17.2,13,9,1,3,38,131,1
0.5,17.8,9.6,14.6,17.2,13,9,822,4,34,131,1
0.5,17.8,9.6,14.6,17.2,13,9,20,2,36,6,1
0.5,17.8,9.6,14.6,17.2,13,9,848,17,27,9,1
0.5,17.8,9.6,14.6,17.2,13,9,815,7,33,211,1
0.5,17.8,9.6,14.6,17.2,13,9,826,19,29,5,1
0.5,17.8,9.6,14.6,17.2,13,9,807,12,36,4,1
0.5,17.8,9.6,14.6,17.2,13,9,842,13,27,5,1
0.5,17.8,9.6,14.6,17.2,13,9,840,16,24,211,1
0.5,17.8,9.6,14.6,17.2,13,9,846,11,23,1,0
0.5,17.8,9.6,14.6,17.2,13,9,825,8,31,210,1
0.5,17.8,9.6,14.6,17.2,13,9,154,9,37,210,1
0.5,17.8,9.6,14.6,17.2,13,9,817,10,34,4,1
0.5,17.8,9.6,14.6,17.2,13,9,847,14,25,3,1
0.5,17.8,9.6,14.6,17.2,13,9,8,6,44,51,1
0.5,17.8,9.6,14.6,17.2,13,9,9,0,38,3,1
0.5,17.8,9.6,14.6,17.2,13,9,841,18,29,51,0
0.5,17.8,9.6,14.6,17.2,13,9,832,15,29,1,0
0.5,17.8,9.6,14.6,17.2,13,9,830,5,26,9,0
34.7,18.7,9.9,15.1,13.7,14,9,844,1,26,6,1
34.7,18.7,9.9,15.1,13.7,14,9,822,3,34,131,1
34.7,18.7,9.9,15.1,13.7,14,9,1,2,38,131,1
34.7,18.7,9.9,15.1,13.7,14,9,817,5,34,4,1
34.7,18.7,9.9,15.1,13.7,14,9,807,6,36,4,1
34.7,18.7,9.9,15.1,13.7,14,9,848,8,27,9,1
34.7,18.7,9.9,15.1,13.7,14,9,815,18,33,211,1
34.7,18.7,9.9,15.1,13.7,14,9,830,19,26,9,1
34.7,18.7,9.9,15.1,13.7,14,9,841,10,29,51,1
34.7,18.7,9.9,15.1,13.7,14,9,846,16,23,1,1
34.7,18.7,9.9,15.1,13.7,14,9,842,17,27,5,1
34.7,18.7,9.9,15.1,13.7,14,9,840,9,24,211,1
34.7,18.7,9.9,15.1,13.7,14,9,20,4,36,6,1
34.7,18.7,9.9,15.1,13.7,14,9,847,14,25,3,1
34.7,18.7,9.9,15.1,13.7,14,9,8,0,44,51,1
34.7,18.7,9.9,15.1,13.7,14,9,154,13,37,210,1
34.7,18.7,9.9,15.1,13.7,14,9,9,15,38,3,1
34.7,18.7,9.9,15.1,13.7,14,9,825,11,31,210,0
34.7,18.7,9.9,15.1,13.7,14,9,826,12,29,5,0
34.7,18.7,9.9,15.1,13.7,14,9,832,7,29,1,0
0.7,29.7,26.7,28.0,16.1,15,9,20,3,36,6,1
0.7,29.7,26.7,28.0,16.1,15,9,844,1,26,6,1
0.7,29.7,26.7,28.0,16.1,15,9,830,4,26,9,1
0.7,29.7,26.7,28.0,16.1,15,9,1,2,38,131,1
0.7,29.7,26.7,28.0,16.1,15,9,822,5,34,131,1
0.7,29.7,26.7,28.0,16.1,15,9,848,6,27,9,1
0.7,29.7,26.7,28.0,16.1,15,9,846,9,23,1,1
0.7,29.7,26.7,28.0,16.1,15,9,842,11,27,5,1
0.7,29.7,26.7,28.0,16.1,15,9,807,8,36,4,1
0.7,29.7,26.7,28.0,16.1,15,9,841,10,29,51,1
0.7,29.7,26.7,28.0,16.1,15,9,154,17,37,210,1
0.7,29.7,26.7,28.0,16.1,15,9,832,7,29,1,1
0.7,29.7,26.7,28.0,16.1,15,9,840,16,24,211,1
0.7,29.7,26.7,28.0,16.1,15,9,817,20,34,4,1
0.7,29.7,26.7,28.0,16.1,15,9,826,14,29,5,1
0.7,29.7,26.7,28.0,16.1,15,9,9,19,38,3,1
0.7,29.7,26.7,28.0,16.1,15,9,825,13,31,210,1
0.7,29.7,26.7,28.0,16.1,15,9,8,12,44,51,0
0.7,29.7,26.7,28.0,16.1,15,9,815,15,33,211,0
0.7,29.7,26.7,28.0,16.1,15,9,847,18,25,3,0
1.2,21.8,12.8,17.4,11.0,71,9,1,2,38,131,1
1.2,21.8,12.8,17.4,11.0,71,9,822,4,34,131,1
1.2,21.8,12.8,17.4,11.0,71,9,844,1,26,6,1
1.2,21.8,12.8,17.4,11.0,71,9,830,9,26,9,1
1.2,21.8,12.8,17.4,11.0,71,9,848,0,27,9,1
1.2,21.8,12.8,17.4,11.0,71,9,832,5,29,1,1
1.2,21.8,12.8,17.4,11.0,71,9,815,11,33,211,1
1.2,21.8,12.8,17.4,11.0,71,9,846,7,23,1,1
1.2,21.8,12.8,17.4,11.0,71,9,825,13,31,210,1
1.2,21.8,12.8,17.4,11.0,71,9,807,6,36,4,1
1.2,21.8,12.8,17.4,11.0,71,9,840,14,24,211,1
1.2,21.8,12.8,17.4,11.0,71,9,826,19,29,5,1
1.2,21.8,12.8,17.4,11.0,71,9,8,15,44,51,1
1.2,21.8,12.8,17.4,11.0,71,9,842,16,27,5,1
1.2,21.8,12.8,17.4,11.0,71,9,841,12,29,51,1
1.2,21.8,12.8,17.4,11.0,71,9,9,18,38,3,0
1.2,21.8,12.8,17.4,11.0,71,9,847,17,25,3,0
1.2,21.8,12.8,17.4,11.0,71,9,20,3,36,6,0
1.2,21.8,12.8,17.4,11.0,71,9,817,10,34,4,0
1.2,21.8,12.8,17.4,11.0,71,9,154,8,37,210,0
2.1,21.7,17.0,19.0,33.2,22,10,822,3,34,131,1
2.1,21.7,17.0,19.0,33.2,22,10,20,1,36,6,1
2.1,21.7,17.0,19.0,33.2,22,10,1,4,38,131,1
2.1,21.7,17.0,19.0,33.2,22,10,848,6,27,9,1
2.1,21.7,17.0,19.0,33.2,22,10,832,7,29,1,1
2.1,21.7,17.0,19.0,33.2,22,10,844,2,26,6,1
2.1,21.7,17.0,19.0,33.2,22,10,842,9,27,5,1
2.1,21.7,17.0,19.0,33.2,22,10,815,17,33,211,1
2.1,21.7,17.0,19.0,33.2,22,10,840,12,24,211,1
2.1,21.7,17.0,19.0,33.2,22,10,826,14,29,5,1
2.1,21.7,17.0,19.0,33.2,22,10,846,8,23,1,1
2.1,21.7,17.0,19.0,33.2,22,10,8,13,44,51,1
2.1,21.7,17.0,19.0,33.2,22,10,154,10,37,210,1
2.1,21.7,17.0,19.0,33.2,22,10,841,11,29,51,1
2.1,21.7,17.0,19.0,33.2,22,10,825,19,31,210,1
2.1,21.7,17.0,19.0,33.2,22,10,847,18,25,3,1
2.1,21.7,17.0,19.0,33.2,22,10,9,0,38,3,1
2.1,21.7,17.0,19.0,33.2,22,10,830,5,26,9,0
2.1,21.7,17.0,19.0,33.2,22,10,817,16,34,4,0
2.1,21.7,17.0,19.0,33.2,22,10,807,15,36,4,0
2.5,20.3,11.2,15.1,7.2,32,10,1,3,38,131,1
2.5,20.3,11.2,15.1,7.2,32,10,20,2,36,6,1
2.5,20.3,11.2,15.1,7.2,32,10,822,6,34,131,1
2.5,20.3,11.2,15.1,7.2,32,10,844,1,26,6,1
2.5,20.3,11.2,15.1,7.2,32,10,848,5,27,9,1
2.5,20.3,11.2,15.1,7.2,32,10,830,4,26,9,1
2.5,20.3,11.2,15.1,7.2,32,10,815,11,33,211,1
2.5,20.3,11.2,15.1,7.2,32,10,817,13,34,4,1
2.5,20.3,11.2,15.1,7.2,32,10,842,10,27,5,1
2.5,20.3,11.2,15.1,7.2,32,10,807,12,36,4,1
2.5,20.3,11.2,15.1,7.2,32,10,826,9,29,5,1
2.5,20.3,11.2,15.1,7.2,32,10,840,16,24,211,1
2.5,20.3,11.2,15.1,7.2,32,10,832,7,29,1,1
2.5,20.3,11.2,15.1,7.2,32,10,841,15,29,51,1
2.5,20.3,11.2,15.1,7.2,32,10,825,17,31,210,1
2.5,20.3,11.2,15.1,7.2,32,10,847,19,25,3,1
2.5,20.3,11.2,15.1,7.2,32,10,154,18,37,210,1
2.5,20.3,11.2,15.1,7.2,32,10,9,20,38,3,1
2.5,20.3,11.2,15.1,7.2,32,10,8,14,44,51,0
2.5,20.3,11.2,15.1,7.2,32,10,846,8,23,1,0
0.0,20.4,6.9,13.0,17.1,69,11,822,1,34,131,1
0.0,20.4,6.9,13.0,17.1,69,11,1,5,38,131,1
0.0,20.4,6.9,13.0,17.1,69,11,830,3,26,9,1
0.0,20.4,6.9,13.0,17.1,69,11,844,4,26,6,1
0.0,20.4,6.9,13.0,17.1,69,11,848,6,27,9,1
0.0,20.4,6.9,13.0,17.1,69,11,817,9,34,4,1
0.0,20.4,6.9,13.0,17.1,69,11,846,8,23,1,1
0.0,20.4,6.9,13.0,17.1,69,11,832,7,29,1,1
0.0,20.4,6.9,13.0,17.1,69,11,807,11,36,4,1
0.0,20.4,6.9,13.0,17.1,69,11,815,0,33,211,1
0.0,20.4,6.9,13.0,17.1,69,11,8,17,44,51,1
0.0,20.4,6.9,13.0,17.1,69,11,826,13,29,5,1
0.0,20.4,6.9,13.0,17.1,69,11,840,14,24,211,1
0.0,20.4,6.9,13.0,17.1,69,11,841,16,29,51,1
0.0,20.4,6.9,13.0,17.1,69,11,154,15,37,210,1
0.0,20.4,6.9,13.0,17.1,69,11,842,10,27,5,0
0.0,20.4,6.9,13.0,17.1,69,11,847,18,25,3,1
0.0,20.4,6.9,13.0,17.1,69,11,825,12,31,210,0
0.0,20.4,6.9,13.0,17.1,69,11,9,19,38,3,0
0.0,20.4,6.9,13.0,17.1,69,11,20,2,36,6,0
0.0,21.2,12.6,16.6,16.0,18,11,830,1,26,9,1
0.0,21.2,12.6,16.6,16.0,18,11,842,6,27,5,1
0.0,21.2,12.6,16.6,16.0,18,11,832,20,29,1,1
0.0,21.2,12.6,16.6,16.0,18,11,8,8,44,51,1
0.0,21.2,12.6,16.6,16.0,18,11,841,12,29,51,1
0.0,21.2,12.6,16.6,16.0,18,11,817,11,34,4,1
0.0,21.2,12.6,16.6,16.0,18,11,1,3,38,131,1
0.0,21.2,12.6,16.6,16.0,18,11,846,10,23,1,1
0.0,21.2,12.6,16.6,16.0,18,11,815,15,33,211,1
0.0,21.2,12.6,16.6,16.0,18,11,826,16,29,5,1
0.0,21.2,12.6,16.6,16.0,18,11,825,9,31,210,1
0.0,21.2,12.6,16.6,16.0,18,11,847,18,25,3,1
0.0,21.2,12.6,16.6,16.0,18,11,154,7,37,210,1
0.0,21.2,12.6,16.6,16.0,18,11,848,5,27,9,1
0.0,21.2,12.6,16.6,16.0,18,11,807,13,36,4,1
0.0,21.2,12.6,16.6,16.0,18,11,9,19,38,3,1
0.0,21.2,12.6,16.6,16.0,18,11,20,2,36,6,0
0.0,21.2,12.6,16.6,16.0,18,11,844,14,26,6,0
0.0,21.2,12.6,16.6,16.0,18,11,840,17,24,211,0
0.0,21.2,12.6,16.6,16.0,18,11,822,4,34,131,0
0.0,28.7,15.5,23.0,16.8,24,12,1,1,38,131,1
0.0,28.7,15.5,23.0,16.8,24,12,830,2,26,9,1
0.0,28.7,15.5,23.0,16.8,24,12,844,3,26,6,1
0.0,28.7,15.5,23.0,16.8,24,12,822,20,34,131,1
0.0,28.7,15.5,23.0,16.8,24,12,20,4,36,6,1
0.0,28.7,15.5,23.0,16.8,24,12,848,5,27,9,1
0.0,28.7,15.5,23.0,16.8,24,12,815,10,33,211,1
0.0,28.7,15.5,23.0,16.8,24,12,846,6,23,1,1
0.0,28.7,15.5,23.0,16.8,24,12,826,13,29,5,1
0.0,28.7,15.5,23.0,16.8,24,12,832,8,29,1,1
0.0,28.7,15.5,23.0,16.8,24,12,817,7,34,4,1
0.0,28.7,15.5,23.0,16.8,24,12,807,9,36,4,1
0.0,28.7,15.5,23.0,16.8,24,12,8,17,44,51,1
0.0,28.7,15.5,23.0,16.8,24,12,825,14,31,210,1
0.0,28.7,15.5,23.0,16.8,24,12,154,15,37,210,1
0.0,28.7,15.5,23.0,16.8,24,12,841,16,29,51,1
0.0,28.7,15.5,23.0,16.8,24,12,847,18,25,3,1
0.0,28.7,15.5,23.0,16.8,24,12,842,11,27,5,1
0.0,28.7,15.5,23.0,16.8,24,12,9,19,38,3,1
0.0,28.7,15.5,23.0,16.8,24,12,840,12,24,211,0
0.0,26.3,11.6,21.1,8.2,70,7,822,1,34,131,1
0.0,26.3,11.6,21.1,8.2,70,7,844,7,26,6,1
0.0,26.3,11.6,21.1,8.2,70,7,846,3,23,1,1
0.0,26.3,11.6,21.1,8.2,70,7,1,5,38,131,1
0.0,26.3,11.6,21.1,8.2,70,7,832,8,29,1,1
0.0,26.3,11.6,21.1,8.2,70,7,815,6,33,211,1
0.0,26.3,11.6,21.1,8.2,70,7,842,12,27,213,1
0.0,26.3,11.6,21.1,8.2,70,7,839,14,27,4,1
0.0,26.3,11.6,21.1,8.2,70,7,841,18,29,51,1
0.0,26.3,11.6,21.1,8.2,70,7,20,11,36,6,1
0.0,26.3,11.6,21.1,8.2,70,7,849,20,28,3,1
0.0,26.3,11.6,21.1,8.2,70,7,826,13,29,213,0
0.0,26.3,11.6,21.1,8.2,70,7,848,4,27,9,0
0.0,26.3,11.6,21.1,8.2,70,7,8,19,44,51,0
0.0,26.3,11.6,21.1,8.2,70,7,847,17,25,3,0
0.0,26.3,11.6,21.1,8.2,70,7,154,15,37,210,0
0.0,26.3,11.6,21.1,8.2,70,7,825,16,31,210,0
0.0,26.3,11.6,21.1,8.2,70,7,840,9,24,211,0
0.0,26.3,11.6,21.1,8.2,70,7,817,10,34,4,0
0.0,26.3,11.6,21.1,8.2,70,7,830,2,26,9,0
0.0,19.4,11.1,15.5,9.4,70,7,1,1,38,131,1
0.0,19.4,11.1,15.5,9.4,70,7,822,4,34,131,1
0.0,19.4,11.1,15.5,9.4,70,7,830,2,26,9,1
0.0,19.4,11.1,15.5,9.4,70,7,848,6,27,9,1
0.0,19.4,11.1,15.5,9.4,70,7,846,9,23,1,1
0.0,19.4,11.1,15.5,9.4,70,7,815,17,33,211,1
0.0,19.4,11.1,15.5,9.4,70,7,840,12,24,211,1
0.0,19.4,11.1,15.5,9.4,70,7,817,8,34,4,1
0.0,19.4,11.1,15.5,9.4,70,7,832,3,29,1,1
0.0,19.4,11.1,15.5,9.4,70,7,826,13,29,213,1
0.0,19.4,11.1,15.5,9.4,70,7,8,16,44,51,1
0.0,19.4,11.1,15.5,9.4,70,7,825,15,31,210,1
0.0,19.4,11.1,15.5,9.4,70,7,154,0,37,210,1
0.0,19.4,11.1,15.5,9.4,70,7,841,19,29,51,1
0.0,19.4,11.1,15.5,9.4,70,7,842,7,27,213,1
0.0,19.4,11.1,15.5,9.4,70,7,847,11,25,3,1
0.0,19.4,11.1,15.5,9.4,70,7,849,18,28,3,1
0.0,19.4,11.1,15.5,9.4,70,7,839,5,27,4,0
0.0,19.4,11.1,15.5,9.4,70,7,844,14,26,6,0
0.0,19.4,11.1,15.5,9.4,70,7,20,10,36,6,0
2.6,21.3,12.4,17.1,12.0,11,7,1,1,38,131,1
2.6,21.3,12.4,17.1,12.0,11,7,830,7,26,9,1
2.6,21.3,12.4,17.1,12.0,11,7,822,2,34,131,1
2.6,21.3,12.4,17.1,12.0,11,7,840,3,24,211,1
2.6,21.3,12.4,17.1,12.0,11,7,848,13,27,9,1
2.6,21.3,12.4,17.1,12.0,11,7,20,5,36,6,1
2.6,21.3,12.4,17.1,12.0,11,7,815,4,33,211,1
2.6,21.3,12.4,17.1,12.0,11,7,817,11,34,4,1
2.6,21.3,12.4,17.1,12.0,11,7,832,9,29,1,1
2.6,21.3,12.4,17.1,12.0,11,7,825,0,31,210,1
2.6,21.3,12.4,17.1,12.0,11,7,844,6,26,6,1
2.6,21.3,12.4,17.1,12.0,11,7,826,17,29,213,1
2.6,21.3,12.4,17.1,12.0,11,7,846,8,23,1,1
2.6,21.3,12.4,17.1,12.0,11,7,839,14,27,4,1
2.6,21.3,12.4,17.1,12.0,11,7,8,20,44,51,1
2.6,21.3,12.4,17.1,12.0,11,7,154,0,37,210,1
2.6,21.3,12.4,17.1,12.0,11,7,841,19,29,51,1
2.6,21.3,12.4,17.1,12.0,11,7,847,12,25,3,1
2.6,21.3,12.4,17.1,12.0,11,7,849,15,28,3,1
2.6,21.3,12.4,17.1,12.0,11,7,842,10,27,213,0
0.0,20.8,11.5,16.6,16.2,9,8,1,1,38,131,1
0.0,20.8,11.5,16.6,16.2,9,8,830,3,26,9,1
0.0,20.8,11.5,16.6,16.2,9,8,844,4,26,6,1
0.0,20.8,11.5,16.6,16.2,9,8,817,8,34,4,1
0.0,20.8,11.5,16.6,16.2,9,8,846,5,23,1,1
0.0,20.8,11.5,16.6,16.2,9,8,839,9,27,4,1
0.0,20.8,11.5,16.6,16.2,9,8,842,11,27,213,1
0.0,20.8,11.5,16.6,16.2,9,8,848,12,27,9,1
0.0,20.8,11.5,16.6,16.2,9,8,840,6,24,211,1
0.0,20.8,11.5,16.6,16.2,9,8,20,10,36,6,1
0.0,20.8,11.5,16.6,16.2,9,8,822,2,34,131,1
0.0,20.8,11.5,16.6,16.2,9,8,847,20,25,3,1
0.0,20.8,11.5,16.6,16.2,9,8,832,7,29,1,1
0.0,20.8,11.5,16.6,16.2,9,8,841,15,29,51,1
0.0,20.8,11.5,16.6,16.2,9,8,849,18,28,3,1
0.0,20.8,11.5,16.6,16.2,9,8,154,17,37,210,1
0.0,20.8,11.5,16.6,16.2,9,8,8,16,44,51,1
0.0,20.8,11.5,16.6,16.2,9,8,826,19,29,213,0
0.0,20.8,11.5,16.6,16.2,9,8,825,14,31,210,0
0.0,20.8,11.5,16.6,16.2,9,8,807,13,36,211,0
6.5,27.9,15.1,20.2,21.0,9,8,830,4,26,9,1
6.5,27.9,15.1,20.2,21.0,9,8,1,2,38,131,1
6.5,27.9,15.1,20.2,21.0,9,8,822,1,34,131,1
6.5,27.9,15.1,20.2,21.0,9,8,844,8,26,6,1
6.5,27.9,15.1,20.2,21.0,9,8,848,9,27,9,1
6.5,27.9,15.1,20.2,21.0,9,8,840,6,24,211,1
6.5,27.9,15.1,20.2,21.0,9,8,807,3,36,211,1
6.5,27.9,15.1,20.2,21.0,9,8,839,14,27,4,1
6.5,27.9,15.1,20.2,21.0,9,8,846,10,23,1,1
6.5,27.9,15.1,20.2,21.0,9,8,826,16,29,213,1
6.5,27.9,15.1,20.2,21.0,9,8,842,7,27,213,1
6.5,27.9,15.1,20.2,21.0,9,8,20,11,36,6,1
6.5,27.9,15.1,20.2,21.0,9,8,832,12,29,1,1
6.5,27.9,15.1,20.2,21.0,9,8,817,5,34,4,1
6.5,27.9,15.1,20.2,21.0,9,8,8,20,44,51,1
6.5,27.9,15.1,20.2,21.0,9,8,154,13,37,210,1
6.5,27.9,15.1,20.2,21.0,9,8,841,19,29,51,1
6.5,27.9,15.1,20.2,21.0,9,8,847,15,25,3,1
6.5,27.9,15.1,20.2,21.0,9,8,849,18,28,3,1
6.5,27.9,15.1,20.2,21.0,9,8,825,17,31,210,0
0.1,28.1,20.8,24.6,12.7,4,8,1,1,38,131,1
0.1,28.1,20.8,24.6,12.7,4,8,830,3,26,9,1
0.1,28.1,20.8,24.6,12.7,4,8,822,2,34,131,1
0.1,28.1,20.8,24.6,12.7,4,8,840,5,24,211,1
0.1,28.1,20.8,24.6,12.7,4,8,815,4,33,211,1
0.1,28.1,20.8,24.6,12.7,4,8,832,7,29,1,1
0.1,28.1,20.8,24.6,12.7,4,8,20,11,36,6,1
0.1,28.1,20.8,24.6,12.7,4,8,848,6,27,9,1
0.1,28.1,20.8,24.6,12.7,4,8,842,10,27,213,1
0.1,28.1,20.8,24.6,12.7,4,8,846,8,23,1,1
0.1,28.1,20.8,24.6,12.7,4,8,817,13,34,4,1
0.1,28.1,20.8,24.6,12.7,4,8,826,12,29,213,1
0.1,28.1,20.8,24.6,12.7,4,8,839,15,27,4,1
0.1,28.1,20.8,24.6,12.7,4,8,8,14,44,51,1
0.1,28.1,20.8,24.6,12.7,4,8,825,16,31,210,1
0.1,28.1,20.8,24.6,12.7,4,8,841,20,29,51,1
0.1,28.1,20.8,24.6,12.7,4,8,847,18,25,3,1
0.1,28.1,20.8,24.6,12.7,4,8,849,19,28,3,1
0.1,28.1,20.8,24.6,12.7,4,8,154,17,37,210,1
0.1,28.1,20.8,24.6,12.7,4,8,844,9,26,6,0
8.1,18.1,10.0,14.1,15.9,13,8,1,1,38,131,1
8.1,18.1,10.0,14.1,15.9,13,8,822,2,34,131,1
8.1,18.1,10.0,14.1,15.9,13,8,830,3,26,9,1
8.1,18.1,10.0,14.1,15.9,13,8,817,4,34,4,1
8.1,18.1,10.0,14.1,15.9,13,8,839,6,27,4,1
8.1,18.1,10.0,14.1,15.9,13,8,848,5,27,9,1
8.1,18.1,10.0,14.1,15.9,13,8,846,10,23,1,1
8.1,18.1,10.0,14.1,15.9,13,8,842,12,27,213,1
8.1,18.1,10.0,14.1,15.9,13,8,840,9,24,211,1
8.1,18.1,10.0,14.1,15.9,13,8,815,8,33,211,1
8.1,18.1,10.0,14.1,15.9,13,8,826,11,29,213,1
8.1,18.1,10.0,14.1,15.9,13,8,8,16,44,51,1
8.1,18.1,10.0,14.1,15.9,13,8,20,14,36,6,1
8.1,18.1,10.0,14.1,15.9,13,8,844,13,26,6,1
8.1,18.1,10.0,14.1,15.9,13,8,154,17,37,210,1
8.1,18.1,10.0,14.1,15.9,13,8,849,19,28,3,1
8.1,18.1,10.0,14.1,15.9,13,8,825,20,31,210,1
8.1,18.1,10.0,14.1,15.9,13,8,841,18,29,51,0
8.1,18.1,10.0,14.1,15.9,13,8,847,15,25,3,0
8.1,18.1,10.0,14.1,15.9,13,8,832,7,29,1,0
7.6,24.6,16.1,20.7,9.5,14,9,842,10,27,213,1
7.6,24.6,16.1,20.7,9.5,14,9,832,3,29,1,1
7.6,24.6,16.1,20.7,9.5,14,9,840,8,24,211,1
7.6,24.6,16.1,20.7,9.5,14,9,846,6,23,1,1
7.6,24.6,16.1,20.7,9.5,14,9,822,2,34,131,1
7.6,24.6,16.1,20.7,9.5,14,9,817,7,34,4,1
7.6,24.6,16.1,20.7,9.5,14,9,1,1,38,131,1
7.6,24.6,16.1,20.7,9.5,14,9,839,12,27,4,1
7.6,24.6,16.1,20.7,9.5,14,9,826,11,29,213,1
7.6,24.6,16.1,20.7,9.5,14,9,815,4,33,211,1
7.6,24.6,16.1,20.7,9.5,14,9,849,20,28,3,1
7.6,24.6,16.1,20.7,9.5,14,9,154,16,37,210,1
7.6,24.6,16.1,20.7,9.5,14,9,8,14,44,51,1
7.6,24.6,16.1,20.7,9.5,14,9,847,19,25,3,1
7.6,24.6,16.1,20.7,9.5,14,9,848,9,27,9,1
7.6,24.6,16.1,20.7,9.5,14,9,841,18,29,51,1
7.6,24.6,16.1,20.7,9.5,14,9,830,5,26,9,0
7.6,24.6,16.1,20.7,9.5,14,9,844,13,26,6,0
7.6,24.6,16.1,20.7,9.5,14,9,825,15,31,210,0
7.6,24.6,16.1,20.7,9.5,14,9,20,17,36,6,0
0.0,29.6,17.3,23.5,14.7,76,9,1,1,38,131,1
0.0,29.6,17.3,23.5,14.7,76,9,822,2,34,131,1
0.0,29.6,17.3,23.5,14.7,76,9,848,4,27,9,1
0.0,29.6,17.3,23.5,14.7,76,9,817,8,34,4,1
0.0,29.6,17.3,23.5,14.7,76,9,815,7,33,211,1
0.0,29.6,17.3,23.5,14.7,76,9,846,11,23,1,1
0.0,29.6,17.3,23.5,14.7,76,9,826,12,29,213,1
0.0,29.6,17.3,23.5,14.7,76,9,844,5,26,6,1
0.0,29.6,17.3,23.5,14.7,76,9,8,13,44,51,1
0.0,29.6,17.3,23.5,14.7,76,9,20,14,36,6,1
0.0,29.6,17.3,23.5,14.7,76,9,847,18,25,3,1
0.0,29.6,17.3,23.5,14.7,76,9,154,15,37,210,1
0.0,29.6,17.3,23.5,14.7,76,9,840,6,24,211,0
0.0,29.6,17.3,23.5,14.7,76,9,839,10,27,4,0
0.0,29.6,17.3,23.5,14.7,76,9,849,19,28,3,0
0.0,29.6,17.3,23.5,14.7,76,9,825,20,31,210,0
0.0,29.6,17.3,23.5,14.7,76,9,841,17,29,51,0
0.0,29.6,17.3,23.5,14.7,76,9,832,9,29,1,0
0.0,29.6,17.3,23.5,14.7,76,9,830,3,26,9,0
0.0,29.6,17.3,23.5,14.7,76,9,842,16,27,213,0
0.0,31.7,17.7,25.2,11.2,71,9,822,3,34,131,1
0.0,31.7,17.7,25.2,11.2,71,9,830,2,26,9,1
0.0,31.7,17.7,25.2,11.2,71,9,1,1,38,131,1
0.0,31.7,17.7,25.2,11.2,71,9,815,4,33,211,1
0.0,31.7,17.7,25.2,11.2,71,9,817,5,34,4,1
0.0,31.7,17.7,25.2,11.2,71,9,844,10,26,6,1
0.0,31.7,17.7,25.2,11.2,71,9,839,7,27,4,1
0.0,31.7,17.7,25.2,11.2,71,9,826,11,29,213,1
0.0,31.7,17.7,25.2,11.2,71,9,842,9,27,213,1
0.0,31.7,17.7,25.2,11.2,71,9,848,15,27,9,1
0.0,31.7,17.7,25.2,11.2,71,9,841,17,29,51,1
0.0,31.7,17.7,25.2,11.2,71,9,825,18,31,210,1
0.0,31.7,17.7,25.2,11.2,71,9,20,14,36,6,1
0.0,31.7,17.7,25.2,11.2,71,9,8,19,44,51,1
0.0,31.7,17.7,25.2,11.2,71,9,846,8,23,1,1
0.0,31.7,17.7,25.2,11.2,71,9,849,20,28,3,1
0.0,31.7,17.7,25.2,11.2,71,9,154,16,37,210,1
0.0,31.7,17.7,25.2,11.2,71,9,847,13,25,3,1
0.0,31.7,17.7,25.2,11.2,71,9,832,6,29,1,0
0.0,31.7,17.7,25.2,11.2,71,9,840,12,24,211,0
0.4,9.7,4.6,6.7,11.5,20,10,1,2,38,131,1
0.4,9.7,4.6,6.7,11.5,20,10,830,3,26,9,1
0.4,9.7,4.6,6.7,11.5,20,10,817,6,34,4,1
0.4,9.7,4.6,6.7,11.5,20,10,815,9,33,211,1
0.4,9.7,4.6,6.7,11.5,20,10,832,10,29,1,1
0.4,9.7,4.6,6.7,11.5,20,10,842,12,27,213,1
0.4,9.7,4.6,6.7,11.5,20,10,844,4,26,6,1
0.4,9.7,4.6,6.7,11.5,20,10,807,20,36,211,1
0.4,9.7,4.6,6.7,11.5,20,10,154,16,37,210,1
0.4,9.7,4.6,6.7,11.5,20,10,841,14,29,51,1
0.4,9.7,4.6,6.7,11.5,20,10,20,11,36,6,1
0.4,9.7,4.6,6.7,11.5,20,10,8,19,44,51,1
0.4,9.7,4.6,6.7,11.5,20,10,825,15,31,210,1
0.4,9.7,4.6,6.7,11.5,20,10,849,18,28,3,1
0.4,9.7,4.6,6.7,11.5,20,10,826,13,29,213,1
0.4,9.7,4.6,6.7,11.5,20,10,846,8,23,1,0
0.4,9.7,4.6,6.7,11.5,20,10,848,5,27,9,0
0.4,9.7,4.6,6.7,11.5,20,10,839,7,27,4,0
0.4,9.7,4.6,6.7,11.5,20,10,822,1,34,131,0
0.4,9.7,4.6,6.7,11.5,20,10,847,17,25,3,0
3.2,20.0,13.0,16.8,29.6,75,10,1,1,38,131,1
3.2,20.0,13.0,16.8,29.6,75,10,822,2,34,131,1
3.2,20.0,13.0,16.8,29.6,75,10,830,3,26,9,1
3.2,20.0,13.0,16.8,29.6,75,10,844,4,26,6,1
3.2,20.0,13.0,16.8,29.6,75,10,842,9,27,213,1
3.2,20.0,13.0,16.8,29.6,75,10,832,7,29,1,1
3.2,20.0,13.0,16.8,29.6,75,10,815,5,33,211,1
3.2,20.0,13.0,16.8,29.6,75,10,839,11,27,4,1
3.2,20.0,13.0,16.8,29.6,75,10,817,10,34,4,1
3.2,20.0,13.0,16.8,29.6,75,10,20,15,36,6,1
3.2,20.0,13.0,16.8,29.6,75,10,8,16,44,51,1
3.2,20.0,13.0,16.8,29.6,75,10,848,6,27,9,1
3.2,20.0,13.0,16.8,29.6,75,10,846,8,23,1,1
3.2,20.0,13.0,16.8,29.6,75,10,847,14,25,3,1
3.2,20.0,13.0,16.8,29.6,75,10,841,17,29,51,1
3.2,20.0,13.0,16.8,29.6,75,10,825,19,31,210,1
3.2,20.0,13.0,16.8,29.6,75,10,154,18,37,210,1
3.2,20.0,13.0,16.8,29.6,75,10,849,20,28,3,1
3.2,20.0,13.0,16.8,29.6,75,10,826,13,29,213,1
3.2,20.0,13.0,16.8,29.6,75,10,840,12,24,211,0
0.0,18.3,10.6,14.3,8.2,21,11,1,2,38,131,1
0.0,18.3,10.6,14.3,8.2,21,11,822,1,34,131,1
0.0,18.3,10.6,14.3,8.2,21,11,817,5,34,4,1
0.0,18.3,10.6,14.3,8.2,21,11,826,8,29,213,1
0.0,18.3,10.6,14.3,8.2,21,11,844,7,26,6,1
0.0,18.3,10.6,14.3,8.2,21,11,815,11,33,211,1
0.0,18.3,10.6,14.3,8.2,21,11,832,10,29,1,1
0.0,18.3,10.6,14.3,8.2,21,11,846,9,23,1,1
0.0,18.3,10.6,14.3,8.2,21,11,8,18,44,51,1
0.0,18.3,10.6,14.3,8.2,21,11,841,20,29,51,1
0.0,18.3,10.6,14.3,8.2,21,11,849,19,28,3,1
0.0,18.3,10.6,14.3,8.2,21,11,20,14,36,6,1
0.0,18.3,10.6,14.3,8.2,21,11,840,15,24,211,1
0.0,18.3,10.6,14.3,8.2,21,11,154,16,37,210,1
0.0,18.3,10.6,14.3,8.2,21,11,848,6,27,9,1
0.0,18.3,10.6,14.3,8.2,21,11,847,13,25,3,0
0.0,18.3,10.6,14.3,8.2,21,11,830,3,26,9,0
0.0,18.3,10.6,14.3,8.2,21,11,825,17,31,210,0
0.0,18.3,10.6,14.3,8.2,21,11,839,12,27,4,0
0.0,18.3,10.6,14.3,8.2,21,11,842,4,27,213,0
0.4,12.8,9.4,11.2,10.8,5,11,1,6,38,131,1
0.4,12.8,9.4,11.2,10.8,5,11,815,3,33,211,1
0.4,12.8,9.4,11.2,10.8,5,11,20,11,36,6,1
0.4,12.8,9.4,11.2,10.8,5,11,844,12,26,6,1
0.4,12.8,9.4,11.2,10.8,5,11,832,15,29,1,1
0.4,12.8,9.4,11.2,10.8,5,11,830,2,26,9,1
0.4,12.8,9.4,11.2,10.8,5,11,848,4,27,9,1
0.4,12.8,9.4,11.2,10.8,5,11,846,14,23,1,1
0.4,12.8,9.4,11.2,10.8,5,11,840,1,24,211,1
0.4,12.8,9.4,11.2,10.8,5,11,817,5,34,4,1
0.4,12.8,9.4,11.2,10.8,5,11,839,7,27,4,1
0.4,12.8,9.4,11.2,10.8,5,11,826,16,29,213,1
0.4,12.8,9.4,11.2,10.8,5,11,842,19,27,213,1
0.4,12.8,9.4,11.2,10.8,5,11,822,9,34,131,1
0.4,12.8,9.4,11.2,10.8,5,11,8,8,44,51,1
0.4,12.8,9.4,11.2,10.8,5,11,847,0,25,3,1
0.4,12.8,9.4,11.2,10.8,5,11,825,13,31,210,0
0.4,12.8,9.4,11.2,10.8,5,11,154,17,37,210,0
0.4,12.8,9.4,11.2,10.8,5,11,849,0,28,3,0
0.4,12.8,9.4,11.2,10.8,5,11,841,10,29,51,0
0.0,25.0,21.4,23.8,23.8,3,11,1,1,38,131,1
0.0,25.0,21.4,23.8,23.8,3,11,830,3,26,9,1
0.0,25.0,21.4,23.8,23.8,3,11,848,4,27,9,1
0.0,25.0,21.4,23.8,23.8,3,11,846,9,23,1,1
0.0,25.0,21.4,23.8,23.8,3,11,832,15,29,1,1
0.0,25.0,21.4,23.8,23.8,3,11,842,8,27,213,1
0.0,25.0,21.4,23.8,23.8,3,11,817,6,34,4,1
0.0,25.0,21.4,23.8,23.8,3,11,822,2,34,131,1
0.0,25.0,21.4,23.8,23.8,3,11,839,7,27,4,1
0.0,25.0,21.4,23.8,23.8,3,11,844,12,26,6,1
0.0,25.0,21.4,23.8,23.8,3,11,826,10,29,213,1
0.0,25.0,21.4,23.8,23.8,3,11,847,14,25,3,1
0.0,25.0,21.4,23.8,23.8,3,11,20,11,36,6,1
0.0,25.0,21.4,23.8,23.8,3,11,849,20,28,3,1
0.0,25.0,21.4,23.8,23.8,3,11,8,17,44,51,1
0.0,25.0,21.4,23.8,23.8,3,11,841,16,29,51,1
0.0,25.0,21.4,23.8,23.8,3,11,825,18,31,210,1
0.0,25.0,21.4,23.8,23.8,3,11,815,5,33,211,0
0.0,25.0,21.4,23.8,23.8,3,11,840,13,24,211,0
0.0,25.0,21.4,23.8,23.8,3,11,154,19,37,210,0
0.0,25.6,18.7,22.3,36.4,3,12,815,5,33,211,1
0.0,25.6,18.7,22.3,36.4,3,12,839,11,27,4,1
0.0,25.6,18.7,22.3,36.4,3,12,840,10,24,211,1
0.0,25.6,18.7,22.3,36.4,3,12,832,8,29,1,1
0.0,25.6,18.7,22.3,36.4,3,12,817,7,34,4,1
0.0,25.6,18.7,22.3,36.4,3,12,848,12,27,9,1
0.0,25.6,18.7,22.3,36.4,3,12,826,6,29,213,1
0.0,25.6,18.7,22.3,36.4,3,12,822,1,34,131,1
0.0,25.6,18.7,22.3,36.4,3,12,847,2,25,131,1
0.0,25.6,18.7,22.3,36.4,3,12,846,19,23,1,1
0.0,25.6,18.7,22.3,36.4,3,12,842,9,27,213,1
0.0,25.6,18.7,22.3,36.4,3,12,20,13,36,6,1
0.0,25.6,18.7,22.3,36.4,3,12,841,14,29,51,1
0.0,25.6,18.7,22.3,36.4,3,12,8,18,44,51,1
0.0,25.6,18.7,22.3,36.4,3,12,825,15,31,210,1
0.0,25.6,18.7,22.3,36.4,3,12,851,17,28,3,1
0.0,25.6,18.7,22.3,36.4,3,12,850,20,27,210,1
0.0,25.6,18.7,22.3,36.4,3,12,849,16,28,3,0
0.0,25.6,18.7,22.3,36.4,3,12,830,3,26,9,0
0.0,25.6,18.7,22.3,36.4,3,12,844,4,26,6,0
0.0,25.6,16.6,21.3,19.2,24,12,830,1,26,9,1
0.0,25.6,16.6,21.3,19.2,24,12,822,2,34,131,1
0.0,25.6,16.6,21.3,19.2,24,12,1,3,38,131,1
0.0,25.6,16.6,21.3,19.2,24,12,848,5,27,9,1
0.0,25.6,16.6,21.3,19.2,24,12,846,4,23,1,1
0.0,25.6,16.6,21.3,19.2,24,12,832,6,29,1,1
0.0,25.6,16.6,21.3,19.2,24,12,817,11,34,4,1
0.0,25.6,16.6,21.3,19.2,24,12,842,9,27,213,1
0.0,25.6,16.6,21.3,19.2,24,12,839,10,27,4,1
0.0,25.6,16.6,21.3,19.2,24,12,840,8,24,211,1
0.0,25.6,16.6,21.3,19.2,24,12,826,7,29,213,1
0.0,25.6,16.6,21.3,19.2,24,12,8,15,44,51,1
0.0,25.6,16.6,21.3,19.2,24,12,844,12,26,6,1
0.0,25.6,16.6,21.3,19.2,24,12,20,13,36,6,1
0.0,25.6,16.6,21.3,19.2,24,12,847,16,25,3,1
0.0,25.6,16.6,21.3,19.2,24,12,841,14,29,51,1
0.0,25.6,16.6,21.3,19.2,24,12,849,18,28,3,1
0.0,25.6,16.6,21.3,19.2,24,12,825,20,31,210,1
0.0,25.6,16.6,21.3,19.2,24,12,850,17,27,210,1
0.0,25.6,16.6,21.3,19.2,24,12,815,19,33,211,0
0.0,29.6,23.0,26.1,23.4,78,11,1,1,38,131,1
0.0,29.6,23.0,26.1,23.4,78,11,830,7,26,9,1
0.0,29.6,23.0,26.1,23.4,78,11,4,3,42,214,1
0.0,29.6,23.0,26.1,23.4,78,11,815,11,33,9,1
0.0,29.6,23.0,26.1,23.4,78,11,839,9,27,214,1
0.0,29.6,23.0,26.1,23.4,78,11,840,12,24,117,1
0.0,29.6,23.0,26.1,23.4,78,11,832,5,29,6,1
0.0,29.6,23.0,26.1,23.4,78,11,844,13,26,6,1
0.0,29.6,23.0,26.1,23.4,78,11,846,4,23,1,1
0.0,29.6,23.0,26.1,23.4,78,11,20,10,36,117,1
0.0,29.6,23.0,26.1,23.4,78,11,842,2,27,213,1
0.0,29.6,23.0,26.1,23.4,78,11,817,14,34,1,1
0.0,29.6,23.0,26.1,23.4,78,11,852,8,23,213,1
0.0,29.6,23.0,26.1,23.4,78,11,8,16,44,51,1
0.0,29.6,23.0,26.1,23.4,78,11,841,18,29,51,1
0.0,29.6,23.0,26.1,23.4,78,11,854,19,24,210,1
0.0,29.6,23.0,26.1,23.4,78,11,847,15,25,3,1
0.0,29.6,23.0,26.1,23.4,78,11,853,20,24,210,1
0.0,29.6,23.0,26.1,23.4,78,11,849,17,28,3,0
0.0,29.6,23.0,26.1,23.4,78,11,822,6,34,131,0
0.0,22.6,20.4,21.4,47.7,3,3,1,2,38,131,1
0.0,22.6,20.4,21.4,47.7,3,3,830,1,26,9,1
0.0,22.6,20.4,21.4,47.7,3,3,822,3,34,131,1
0.0,22.6,20.4,21.4,47.7,3,3,846,7,23,1,1
0.0,22.6,20.4,21.4,47.7,3,3,815,0,33,9,1
0.0,22.6,20.4,21.4,47.7,3,3,844,4,26,6,1
0.0,22.6,20.4,21.4,47.7,3,3,817,6,34,1,1
0.0,22.6,20.4,21.4,47.7,3,3,832,8,29,6,1
0.0,22.6,20.4,21.4,47.7,3,3,852,13,23,213,1
0.0,22.6,20.4,21.4,47.7,3,3,840,10,24,117,1
0.0,22.6,20.4,21.4,47.7,3,3,8,14,44,51,1
0.0,22.6,20.4,21.4,47.7,3,3,841,12,29,51,1
0.0,22.6,20.4,21.4,47.7,3,3,839,16,27,214,1
0.0,22.6,20.4,21.4,47.7,3,3,847,15,25,3,1
0.0,22.6,20.4,21.4,47.7,3,3,20,20,36,117,1
0.0,22.6,20.4,21.4,47.7,3,3,854,18,24,210,1
0.0,22.6,20.4,21.4,47.7,3,3,842,5,27,213,0
0.0,22.6,20.4,21.4,47.7,3,3,849,17,28,3,0
0.0,22.6,20.4,21.4,47.7,3,3,4,9,42,214,0
0.0,22.6,20.4,21.4,47.7,3,3,853,19,24,210,0
0.3,13.6,3.2,8.7,15.3,21,4,830,3,26,9,1
0.3,13.6,3.2,8.7,15.3,21,4,1,1,38,131,1
0.3,13.6,3.2,8.7,15.3,21,4,846,7,23,1,1
0.3,13.6,3.2,8.7,15.3,21,4,844,4,26,6,1
0.3,13.6,3.2,8.7,15.3,21,4,832,11,29,6,1
0.3,13.6,3.2,8.7,15.3,21,4,817,6,34,1,1
0.3,13.6,3.2,8.7,15.3,21,4,842,5,27,213,1
0.3,13.6,3.2,8.7,15.3,21,4,840,10,24,117,1
0.3,13.6,3.2,8.7,15.3,21,4,839,9,27,214,1
0.3,13.6,3.2,8.7,15.3,21,4,4,15,42,214,1
0.3,13.6,3.2,8.7,15.3,21,4,815,2,33,9,1
0.3,13.6,3.2,8.7,15.3,21,4,852,20,23,213,1
0.3,13.6,3.2,8.7,15.3,21,4,8,16,44,51,1
0.3,13.6,3.2,8.7,15.3,21,4,841,17,29,51,1
0.3,13.6,3.2,8.7,15.3,21,4,20,0,36,117,0
0.3,13.6,3.2,8.7,15.3,21,4,854,18,24,210,1
0.3,13.6,3.2,8.7,15.3,21,4,853,19,24,210,1
0.3,13.6,3.2,8.7,15.3,21,4,822,8,34,131,0
0.3,13.6,3.2,8.7,15.3,21,4,847,12,25,3,0
0.3,13.6,3.2,8.7,15.3,21,4,849,14,28,3,0
0.0,18.8,9.7,14.4,26.4,75,5,1,2,38,131,1
0.0,18.8,9.7,14.4,26.4,75,5,830,3,26,9,1
0.0,18.8,9.7,14.4,26.4,75,5,822,1,34,131,1
0.0,18.8,9.7,14.4,26.4,75,5,815,4,33,9,1
0.0,18.8,9.7,14.4,26.4,75,5,846,7,23,1,1
0.0,18.8,9.7,14.4,26.4,75,5,844,8,26,6,1
0.0,18.8,9.7,14.4,26.4,75,5,839,6,27,214,1
0.0,18.8,9.7,14.4,26.4,75,5,4,13,42,214,1
0.0,18.8,9.7,14.4,26.4,75,5,817,16,34,1,1
0.0,18.8,9.7,14.4,26.4,75,5,842,9,27,213,1
0.0,18.8,9.7,14.4,26.4,75,5,832,5,29,6,1
0.0,18.8,9.7,14.4,26.4,75,5,841,12,29,51,1
0.0,18.8,9.7,14.4,26.4,75,5,20,10,36,117,1
0.0,18.8,9.7,14.4,26.4,75,5,840,17,24,117,1
0.0,18.8,9.7,14.4,26.4,75,5,852,14,23,213,1
0.0,18.8,9.7,14.4,26.4,75,5,847,11,25,3,1
0.0,18.8,9.7,14.4,26.4,75,5,854,19,24,210,1
0.0,18.8,9.7,14.4,26.4,75,5,849,18,28,3,1
0.0,18.8,9.7,14.4,26.4,75,5,853,20,24,210,1
0.0,18.8,9.7,14.4,26.4,75,5,8,15,44,51,0
0.7,21.1,12.8,17.4,20.1,4,5,1,1,38,131,1
0.7,21.1,12.8,17.4,20.1,4,5,830,2,26,9,1
0.7,21.1,12.8,17.4,20.1,4,5,822,3,34,131,1
0.7,21.1,12.8,17.4,20.1,4,5,844,4,26,6,1
0.7,21.1,12.8,17.4,20.1,4,5,815,8,33,9,1
0.7,21.1,12.8,17.4,20.1,4,5,817,7,34,1,1
0.7,21.1,12.8,17.4,20.1,4,5,832,6,29,6,1
0.7,21.1,12.8,17.4,20.1,4,5,846,9,23,1,1
0.7,21.1,12.8,17.4,20.1,4,5,839,5,27,214,1
0.7,21.1,12.8,17.4,20.1,4,5,842,12,27,213,1
0.7,21.1,12.8,17.4,20.1,4,5,840,11,24,117,1
0.7,21.1,12.8,17.4,20.1,4,5,8,17,44,51,1
0.7,21.1,12.8,17.4,20.1,4,5,20,13,36,117,1
0.7,21.1,12.8,17.4,20.1,4,5,847,15,25,3,1
0.7,21.1,12.8,17.4,20.1,4,5,841,14,29,51,1
0.7,21.1,12.8,17.4,20.1,4,5,849,19,28,3,1
0.7,21.1,12.8,17.4,20.1,4,5,4,10,42,214,1
0.7,21.1,12.8,17.4,20.1,4,5,854,18,24,210,1
0.7,21.1,12.8,17.4,20.1,4,5,853,20,24,210,1
0.7,21.1,12.8,17.4,20.1,4,5,852,16,23,213,0
1.1,22.1,13.4,17.7,11.6,6,5,832,4,29,6,1
1.1,22.1,13.4,17.7,11.6,6,5,830,2,26,9,1
1.1,22.1,13.4,17.7,11.6,6,5,846,5,23,1,1
1.1,22.1,13.4,17.7,11.6,6,5,815,9,33,9,1
1.1,22.1,13.4,17.7,11.6,6,5,20,8,36,117,1
1.1,22.1,13.4,17.7,11.6,6,5,842,6,27,213,1
1.1,22.1,13.4,17.7,11.6,6,5,1,7,38,131,1
1.1,22.1,13.4,17.7,11.6,6,5,840,13,24,117,1
1.1,22.1,13.4,17.7,11.6,6,5,839,11,27,214,1
1.1,22.1,13.4,17.7,11.6,6,5,841,10,29,51,1
1.1,22.1,13.4,17.7,11.6,6,5,8,14,44,51,1
1.1,22.1,13.4,17.7,11.6,6,5,817,12,34,1,1
1.1,22.1,13.4,17.7,11.6,6,5,4,17,42,214,1
1.1,22.1,13.4,17.7,11.6,6,5,847,15,25,3,1
1.1,22.1,13.4,17.7,11.6,6,5,849,18,28,3,1
1.1,22.1,13.4,17.7,11.6,6,5,852,16,23,213,1
1.1,22.1,13.4,17.7,11.6,6,5,853,19,24,210,1
1.1,22.1,13.4,17.7,11.6,6,5,854,20,24,210,1
1.1,22.1,13.4,17.7,11.6,6,5,822,3,34,131,0
1.1,22.1,13.4,17.7,11.6,6,5,844,1,26,6,0
0.0,21.5,19.2,20.4,23.6,73,6,815,6,33,9,1
0.0,21.5,19.2,20.4,23.6,73,6,20,11,36,117,1
0.0,21.5,19.2,20.4,23.6,73,6,842,4,27,213,1
0.0,21.5,19.2,20.4,23.6,73,6,844,1,26,6,1
0.0,21.5,19.2,20.4,23.6,73,6,846,9,23,1,1
0.0,21.5,19.2,20.4,23.6,73,6,4,8,42,214,1
0.0,21.5,19.2,20.4,23.6,73,6,852,7,23,213,1
0.0,21.5,19.2,20.4,23.6,73,6,832,5,29,6,1
0.0,21.5,19.2,20.4,23.6,73,6,817,13,34,1,1
0.0,21.5,19.2,20.4,23.6,73,6,8,14,44,51,1
0.0,21.5,19.2,20.4,23.6,73,6,841,20,29,51,1
0.0,21.5,19.2,20.4,23.6,73,6,822,10,34,131,1
0.0,21.5,19.2,20.4,23.6,73,6,854,17,24,210,1
0.0,21.5,19.2,20.4,23.6,73,6,853,18,24,210,1
0.0,21.5,19.2,20.4,23.6,73,6,1,2,38,131,1
0.0,21.5,19.2,20.4,23.6,73,6,849,16,28,3,1
0.0,21.5,19.2,20.4,23.6,73,6,847,15,25,3,0
0.0,21.5,19.2,20.4,23.6,73,6,830,3,26,9,0
0.0,21.5,19.2,20.4,23.6,73,6,840,19,24,117,0
0.0,21.5,19.2,20.4,23.6,73,6,839,12,27,214,0
0.6,25.7,15.6,21.0,7.3,70,6,830,1,26,9,1
0.6,25.7,15.6,21.0,7.3,70,6,1,2,38,131,1
0.6,25.7,15.6,21.0,7.3,70,6,822,5,34,131,1
0.6,25.7,15.6,21.0,7.3,70,6,815,4,33,9,1
0.6,25.7,15.6,21.0,7.3,70,6,846,3,23,1,1
0.6,25.7,15.6,21.0,7.3,70,6,832,12,29,6,1
0.6,25.7,15.6,21.0,7.3,70,6,844,7,26,6,1
0.6,25.7,15.6,21.0,7.3,70,6,840,9,24,117,1
0.6,25.7,15.6,21.0,7.3,70,6,4,8,42,214,1
0.6,25.7,15.6,21.0,7.3,70,6,852,11,23,213,1
0.6,25.7,15.6,21.0,7.3,70,6,8,18,44,51,1
0.6,25.7,15.6,21.0,7.3,70,6,20,14,36,117,1
0.6,25.7,15.6,21.0,7.3,70,6,817,13,34,1,1
0.6,25.7,15.6,21.0,7.3,70,6,839,17,27,214,1
0.6,25.7,15.6,21.0,7.3,70,6,841,15,29,51,1
0.6,25.7,15.6,21.0,7.3,70,6,854,19,24,210,1
0.6,25.7,15.6,21.0,7.3,70,6,849,16,28,3,1
0.6,25.7,15.6,21.0,7.3,70,6,853,20,24,210,1
0.6,25.7,15.6,21.0,7.3,70,6,847,10,25,3,0
0.6,25.7,15.6,21.0,7.3,70,6,842,6,27,213,0
1.9,26.5,18.8,22.8,24.5,34,6,830,1,26,9,1
1.9,26.5,18.8,22.8,24.5,34,6,1,2,38,131,1
1.9,26.5,18.8,22.8,24.5,34,6,815,4,33,9,1
1.9,26.5,18.8,22.8,24.5,34,6,822,3,34,131,1
1.9,26.5,18.8,22.8,24.5,34,6,846,8,23,1,1
1.9,26.5,18.8,22.8,24.5,34,6,817,10,34,1,1
1.9,26.5,18.8,22.8,24.5,34,6,842,6,27,213,1
1.9,26.5,18.8,22.8,24.5,34,6,4,9,42,214,1
1.9,26.5,18.8,22.8,24.5,34,6,20,12,36,117,1
1.9,26.5,18.8,22.8,24.5,34,6,840,19,24,117,1
1.9,26.5,18.8,22.8,24.5,34,6,832,5,29,6,1
1.9,26.5,18.8,22.8,24.5,34,6,847,14,25,3,1
1.9,26.5,18.8,22.8,24.5,34,6,852,0,23,213,1
1.9,26.5,18.8,22.8,24.5,34,6,839,11,27,214,1
1.9,26.5,18.8,22.8,24.5,34,6,841,13,29,51,1
1.9,26.5,18.8,22.8,24.5,34,6,844,7,26,6,1
1.9,26.5,18.8,22.8,24.5,34,6,8,17,44,51,1
1.9,26.5,18.8,22.8,24.5,34,6,849,16,28,3,1
1.9,26.5,18.8,22.8,24.5,34,6,854,15,24,210,1
1.9,26.5,18.8,22.8,24.5,34,6,853,18,24,210,1
9.1,21.5,14.1,18.0,8.4,70,7,830,1,26,9,1
9.1,21.5,14.1,18.0,8.4,70,7,822,5,34,131,1
9.1,21.5,14.1,18.0,8.4,70,7,846,2,23,1,1
9.1,21.5,14.1,18.0,8.4,70,7,1,4,38,131,1
9.1,21.5,14.1,18.0,8.4,70,7,832,10,29,6,1
9.1,21.5,14.1,18.0,8.4,70,7,815,3,33,9,1
9.1,21.5,14.1,18.0,8.4,70,7,817,13,34,1,1
9.1,21.5,14.1,18.0,8.4,70,7,844,12,26,6,1
9.1,21.5,14.1,18.0,8.4,70,7,842,6,27,213,1
9.1,21.5,14.1,18.0,8.4,70,7,4,14,42,214,1
9.1,21.5,14.1,18.0,8.4,70,7,847,8,25,3,1
9.1,21.5,14.1,18.0,8.4,70,7,852,7,23,213,1
9.1,21.5,14.1,18.0,8.4,70,7,840,9,24,117,1
9.1,21.5,14.1,18.0,8.4,70,7,841,15,29,51,1
9.1,21.5,14.1,18.0,8.4,70,7,8,16,44,51,1
9.1,21.5,14.1,18.0,8.4,70,7,849,18,28,3,1
9.1,21.5,14.1,18.0,8.4,70,7,20,11,36,117,0
9.1,21.5,14.1,18.0,8.4,70,7,854,19,24,210,1
9.1,21.5,14.1,18.0,8.4,70,7,853,20,24,210,1
9.1,21.5,14.1,18.0,8.4,70,7,839,17,27,214,0
0.0,27.3,13.4,21.7,7.1,9,7,1,2,38,131,1
0.0,27.3,13.4,21.7,7.1,9,7,844,4,26,6,1
0.0,27.3,13.4,21.7,7.1,9,7,822,3,34,131,1
0.0,27.3,13.4,21.7,7.1,9,7,846,5,23,1,1
0.0,27.3,13.4,21.7,7.1,9,7,817,6,34,1,1
0.0,27.3,13.4,21.7,7.1,9,7,832,10,29,6,1
0.0,27.3,13.4,21.7,7.1,9,7,4,7,42,214,1
0.0,27.3,13.4,21.7,7.1,9,7,840,14,24,117,1
0.0,27.3,13.4,21.7,7.1,9,7,839,9,27,214,1
0.0,27.3,13.4,21.7,7.1,9,7,852,16,23,213,1
0.0,27.3,13.4,21.7,7.1,9,7,842,11,27,213,1
0.0,27.3,13.4,21.7,7.1,9,7,847,12,25,3,1
0.0,27.3,13.4,21.7,7.1,9,7,841,15,29,51,1
0.0,27.3,13.4,21.7,7.1,9,7,849,17,28,3,1
0.0,27.3,13.4,21.7,7.1,9,7,8,13,44,51,1
0.0,27.3,13.4,21.7,7.1,9,7,815,0,33,9,1
0.0,27.3,13.4,21.7,7.1,9,7,853,19,24,210,1
0.0,27.3,13.4,21.7,7.1,9,7,854,18,24,210,1
0.0,27.3,13.4,21.7,7.1,9,7,20,8,36,117,0
0.0,27.3,13.4,21.7,7.1,9,7,830,1,26,9,0
0.9,30.5,15.9,23.0,21.5,11,8,839,8,27,214,1
0.9,30.5,15.9,23.0,21.5,11,8,1,1,38,131,1
0.9,30.5,15.9,23.0,21.5,11,8,832,15,29,6,1
0.9,30.5,15.9,23.0,21.5,11,8,4,9,42,214,1
0.9,30.5,15.9,23.0,21.5,11,8,842,5,27,213,1
0.9,30.5,15.9,23.0,21.5,11,8,852,16,23,213,1
0.9,30.5,15.9,23.0,21.5,11,8,849,18,28,3,1
0.9,30.5,15.9,23.0,21.5,11,8,847,17,25,3,1
0.9,30.5,15.9,23.0,21.5,11,8,830,3,26,9,1
0.9,30.5,15.9,23.0,21.5,11,8,8,13,44,51,1
0.9,30.5,15.9,23.0,21.5,11,8,817,11,34,1,1
0.9,30.5,15.9,23.0,21.5,11,8,854,20,24,210,1
0.9,30.5,15.9,23.0,21.5,11,8,841,0,29,51,1
0.9,30.5,15.9,23.0,21.5,11,8,853,19,24,210,0
0.9,30.5,15.9,23.0,21.5,11,8,846,6,23,1,0
0.9,30.5,15.9,23.0,21.5,11,8,822,2,34,131,0
0.9,30.5,15.9,23.0,21.5,11,8,815,4,33,9,0
0.9,30.5,15.9,23.0,21.5,11,8,844,7,26,6,0
0.9,30.5,15.9,23.0,21.5,11,8,840,12,24,117,0
0.9,30.5,15.9,23.0,21.5,11,8,20,10,36,117,0
6.1,13.8,11.8,13.1,24.2,13,8,830,1,26,9,1
6.1,13.8,11.8,13.1,24.2,13,8,847,2,25,3,1
6.1,13.8,11.8,13.1,24.2,13,8,1,3,38,131,1
6.1,13.8,11.8,13.1,24.2,13,8,817,4,34,1,1
6.1,13.8,11.8,13.1,24.2,13,8,20,5,36,117,1
6.1,13.8,11.8,13.1,24.2,13,8,842,6,27,213,1
6.1,13.8,11.8,13.1,24.2,13,8,839,8,27,214,1
6.1,13.8,11.8,13.1,24.2,13,8,844,9,26,6,1
6.1,13.8,11.8,13.1,24.2,13,8,849,10,28,3,1
6.1,13.8,11.8,13.1,24.2,13,8,832,11,29,6,1
6.1,13.8,11.8,13.1,24.2,13,8,4,12,42,214,1
6.1,13.8,11.8,13.1,24.2,13,8,822,13,34,131,1
6.1,13.8,11.8,13.1,24.2,13,8,841,14,29,51,1
6.1,13.8,11.8,13.1,24.2,13,8,846,15,23,1,1
6.1,13.8,11.8,13.1,24.2,13,8,852,16,23,213,1
6.1,13.8,11.8,13.1,24.2,13,8,854,17,24,210,1
6.1,13.8,11.8,13.1,24.2,13,8,853,18,24,210,1
6.1,13.8,11.8,13.1,24.2,13,8,8,0,44,51,1
6.1,13.8,11.8,13.1,24.2,13,8,815,0,33,9,1
6.1,13.8,11.8,13.1,24.2,13,8,840,19,24,117,1
0.0,21.1,12.6,16.6,15.7,39,9,830,1,26,9,1
0.0,21.1,12.6,16.6,15.7,39,9,1,2,38,131,1
0.0,21.1,12.6,16.6,15.7,39,9,822,3,34,131,1
0.0,21.1,12.6,16.6,15.7,39,9,842,4,27,213,1
0.0,21.1,12.6,16.6,15.7,39,9,844,5,26,6,1
0.0,21.1,12.6,16.6,15.7,39,9,4,9,42,214,1
0.0,21.1,12.6,16.6,15.7,39,9,832,6,29,6,1
0.0,21.1,12.6,16.6,15.7,39,9,815,0,33,9,1
0.0,21.1,12.6,16.6,15.7,39,9,839,8,27,214,1
0.0,21.1,12.6,16.6,15.7,39,9,846,13,23,1,1
0.0,21.1,12.6,16.6,15.7,39,9,817,10,34,1,1
0.0,21.1,12.6,16.6,15.7,39,9,840,12,24,117,1
0.0,21.1,12.6,16.6,15.7,39,9,20,15,36,117,1
0.0,21.1,12.6,16.6,15.7,39,9,841,7,29,51,1
0.0,21.1,12.6,16.6,15.7,39,9,9,16,38,51,1
0.0,21.1,12.6,16.6,15.7,39,9,849,0,28,3,1
0.0,21.1,12.6,16.6,15.7,39,9,847,11,25,3,0
0.0,21.1,12.6,16.6,15.7,39,9,854,17,24,210,1
0.0,21.1,12.6,16.6,15.7,39,9,852,14,23,213,0
0.0,21.1,12.6,16.6,15.7,39,9,853,18,24,210,0
0.0,27.7,14.5,21.7,9.0,14,9,817,2,34,1,1
0.0,27.7,14.5,21.7,9.0,14,9,846,3,23,1,1
0.0,27.7,14.5,21.7,9.0,14,9,822,19,34,131,1
0.0,27.7,14.5,21.7,9.0,14,9,844,5,26,6,1
0.0,27.7,14.5,21.7,9.0,14,9,815,8,33,9,1
0.0,27.7,14.5,21.7,9.0,14,9,832,6,29,6,1
0.0,27.7,14.5,21.7,9.0,14,9,840,9,24,117,1
0.0,27.7,14.5,21.7,9.0,14,9,4,10,42,214,1
0.0,27.7,14.5,21.7,9.0,14,9,847,14,25,3,1
0.0,27.7,14.5,21.7,9.0,14,9,839,12,27,214,1
0.0,27.7,14.5,21.7,9.0,14,9,849,13,28,3,1
0.0,27.7,14.5,21.7,9.0,14,9,20,11,36,117,1
0.0,27.7,14.5,21.7,9.0,14,9,841,7,29,51,1
0.0,27.7,14.5,21.7,9.0,14,9,9,17,38,51,1
0.0,27.7,14.5,21.7,9.0,14,9,854,18,24,210,1
0.0,27.7,14.5,21.7,9.0,14,9,853,16,24,210,0
0.0,27.7,14.5,21.7,9.0,14,9,1,4,38,131,0
0.0,27.7,14.5,21.7,9.0,14,9,830,1,26,9,0
0.0,27.7,14.5,21.7,9.0,14,9,842,0,27,213,0
0.0,27.7,14.5,21.7,9.0,14,9,852,0,23,213,0
3.9,17.8,12.6,15.7,17.3,71,9,1,4,38,131,1
3.9,17.8,12.6,15.7,17.3,71,9,830,20,26,9,1
3.9,17.8,12.6,15.7,17.3,71,9,832,2,29,6,1
3.9,17.8,12.6,15.7,17.3,71,9,817,5,34,1,1
3.9,17.8,12.6,15.7,17.3,71,9,822,16,34,131,1
3.9,17.8,12.6,15.7,17.3,71,9,4,6,42,214,1
3.9,17.8,12.6,15.7,17.3,71,9,846,1,23,1,1
3.9,17.8,12.6,15.7,17.3,71,9,8,13,44,51,1
3.9,17.8,12.6,15.7,17.3,71,9,815,8,33,9,1
3.9,17.8,12.6,15.7,17.3,71,9,847,3,25,3,1
3.9,17.8,12.6,15.7,17.3,71,9,840,7,24,117,1
3.9,17.8,12.6,15.7,17.3,71,9,20,10,36,117,1
3.9,17.8,12.6,15.7,17.3,71,9,842,11,27,213,1
3.9,17.8,12.6,15.7,17.3,71,9,839,9,27,214,1
3.9,17.8,12.6,15.7,17.3,71,9,844,19,26,6,1
3.9,17.8,12.6,15.7,17.3,71,9,841,17,29,51,1
3.9,17.8,12.6,15.7,17.3,71,9,852,12,23,213,1
3.9,17.8,12.6,15.7,17.3,71,9,853,15,24,210,1
3.9,17.8,12.6,15.7,17.3,71,9,849,18,28,3,0
3.9,17.8,12.6,15.7,17.3,71,9,854,14,24,210,0
0.2,18.0,15.6,16.6,25.4,5,10,822,1,34,131,1
0.2,18.0,15.6,16.6,25.4,5,10,830,2,26,9,1
0.2,18.0,15.6,16.6,25.4,5,10,815,6,33,9,1
0.2,18.0,15.6,16.6,25.4,5,10,844,3,26,6,1
0.2,18.0,15.6,16.6,25.4,5,10,1,11,38,131,1
0.2,18.0,15.6,16.6,25.4,5,10,842,4,27,213,1
0.2,18.0,15.6,16.6,25.4,5,10,846,7,23,1,1
0.2,18.0,15.6,16.6,25.4,5,10,832,19,29,6,1
0.2,18.0,15.6,16.6,25.4,5,10,840,8,24,117,1
0.2,18.0,15.6,16.6,25.4,5,10,839,12,27,214,1
0.2,18.0,15.6,16.6,25.4,5,10,841,16,29,51,1
0.2,18.0,15.6,16.6,25.4,5,10,8,17,44,51,1
0.2,18.0,15.6,16.6,25.4,5,10,817,20,34,1,1
0.2,18.0,15.6,16.6,25.4,5,10,852,9,23,213,1
0.2,18.0,15.6,16.6,25.4,5,10,847,13,25,3,1
0.2,18.0,15.6,16.6,25.4,5,10,4,5,42,214,1
0.2,18.0,15.6,16.6,25.4,5,10,849,15,28,3,1
0.2,18.0,15.6,16.6,25.4,5,10,20,10,36,117,1
0.2,18.0,15.6,16.6,25.4,5,10,854,14,24,210,1
0.2,18.0,15.6,16.6,25.4,5,10,853,18,24,210,1
0.4,28.8,21.5,24.6,17.7,69,10,830,1,26,9,1
0.4,28.8,21.5,24.6,17.7,69,10,1,2,38,131,1
0.4,28.8,21.5,24.6,17.7,69,10,815,3,33,9,1
0.4,28.8,21.5,24.6,17.7,69,10,844,4,26,6,1
0.4,28.8,21.5,24.6,17.7,69,10,817,6,34,1,1
0.4,28.8,21.5,24.6,17.7,69,10,822,9,34,131,1
0.4,28.8,21.5,24.6,17.7,69,10,832,5,29,6,1
0.4,28.8,21.5,24.6,17.7,69,10,846,7,23,1,1
0.4,28.8,21.5,24.6,17.7,69,10,852,10,23,213,1
0.4,28.8,21.5,24.6,17.7,69,10,20,18,36,117,1
0.4,28.8,21.5,24.6,17.7,69,10,841,12,29,51,1
0.4,28.8,21.5,24.6,17.7,69,10,840,13,24,117,1
0.4,28.8,21.5,24.6,17.7,69,10,8,15,44,51,1
0.4,28.8,21.5,24.6,17.7,69,10,847,20,25,3,1
0.4,28.8,21.5,24.6,17.7,69,10,849,14,28,3,1
0.4,28.8,21.5,24.6,17.7,69,10,854,16,24,210,1
0.4,28.8,21.5,24.6,17.7,69,10,853,17,24,210,1
0.4,28.8,21.5,24.6,17.7,69,10,4,19,42,214,0
0.4,28.8,21.5,24.6,17.7,69,10,839,11,27,214,0
0.4,28.8,21.5,24.6,17.7,69,10,842,8,27,213,0
0.0,20.7,7.9,13.1,13.7,32,11,830,3,26,9,1
0.0,20.7,7.9,13.1,13.7,32,11,1,2,38,131,1
0.0,20.7,7.9,13.1,13.7,32,11,815,4,33,9,1
0.0,20.7,7.9,13.1,13.7,32,11,842,5,27,213,1
0.0,20.7,7.9,13.1,13.7,32,11,844,8,26,6,1
0.0,20.7,7.9,13.1,13.7,32,11,832,6,29,6,1
0.0,20.7,7.9,13.1,13.7,32,11,20,9,36,117,1
0.0,20.7,7.9,13.1,13.7,32,11,8,10,44,51,1
0.0,20.7,7.9,13.1,13.7,32,11,4,12,42,214,1
0.0,20.7,7.9,13.1,13.7,32,11,846,18,23,1,1
0.0,20.7,7.9,13.1,13.7,32,11,841,11,29,51,1
0.0,20.7,7.9,13.1,13.7,32,11,817,7,34,1,1
0.0,20.7,7.9,13.1,13.7,32,11,839,19,27,214,1
0.0,20.7,7.9,13.1,13.7,32,11,840,20,24,117,1
0.0,20.7,7.9,13.1,13.7,32,11,822,1,34,131,1
0.0,20.7,7.9,13.1,13.7,32,11,847,16,25,3,1
0.0,20.7,7.9,13.1,13.7,32,11,849,13,28,3,1
0.0,20.7,7.9,13.1,13.7,32,11,853,15,24,210,1
0.0,20.7,7.9,13.1,13.7,32,11,854,14,24,210,0
0.0,20.7,7.9,13.1,13.7,32,11,852,17,23,213,0
0.0,22.0,12.1,16.3,18.3,18,11,1,10,38,131,1
0.0,22.0,12.1,16.3,18.3,18,11,830,2,26,9,1
0.0,22.0,12.1,16.3,18.3,18,11,822,1,34,131,1
0.0,22.0,12.1,16.3,18.3,18,11,815,4,33,9,1
0.0,22.0,12.1,16.3,18.3,18,11,844,6,26,6,1
0.0,22.0,12.1,16.3,18.3,18,11,832,3,29,6,1
0.0,22.0,12.1,16.3,18.3,18,11,842,7,27,213,1
0.0,22.0,12.1,16.3,18.3,18,11,839,8,27,214,1
0.0,22.0,12.1,16.3,18.3,18,11,4,12,42,214,1
0.0,22.0,12.1,16.3,18.3,18,11,846,5,23,1,1
0.0,22.0,12.1,16.3,18.3,18,11,20,9,36,117,1
0.0,22.0,12.1,16.3,18.3,18,11,8,0,44,51,1
0.0,22.0,12.1,16.3,18.3,18,11,847,17,25,3,1
0.0,22.0,12.1,16.3,18.3,18,11,841,13,29,51,1
0.0,22.0,12.1,16.3,18.3,18,11,852,15,23,213,1
0.0,22.0,12.1,16.3,18.3,18,11,849,16,28,3,1
0.0,22.0,12.1,16.3,18.3,18,11,853,19,24,210,1
0.0,22.0,12.1,16.3,18.3,18,11,854,18,24,210,1
0.0,22.0,12.1,16.3,18.3,18,11,817,11,34,1,0
0.0,22.0,12.1,16.3,18.3,18,11,840,14,24,117,0
0.0,30.1,22.2,26.7,12.4,77,12,1,1,38,131,1
0.0,30.1,22.2,26.7,12.4,77,12,830,3,26,9,1
0.0,30.1,22.2,26.7,12.4,77,12,822,2,34,131,1
0.0,30.1,22.2,26.7,12.4,77,12,839,9,27,214,1
0.0,30.1,22.2,26.7,12.4,77,12,817,11,34,1,1
0.0,30.1,22.2,26.7,12.4,77,12,842,6,27,213,1
0.0,30.1,22.2,26.7,12.4,77,12,844,4,26,6,1
0.0,30.1,22.2,26.7,12.4,77,12,832,15,29,6,1
0.0,30.1,22.2,26.7,12.4,77,12,841,10,29,51,1
0.0,30.1,22.2,26.7,12.4,77,12,846,7,23,1,1
0.0,30.1,22.2,26.7,12.4,77,12,840,18,24,117,1
0.0,30.1,22.2,26.7,12.4,77,12,849,16,28,3,1
0.0,30.1,22.2,26.7,12.4,77,12,4,13,42,214,1
0.0,30.1,22.2,26.7,12.4,77,12,852,8,23,213,1
0.0,30.1,22.2,26.7,12.4,77,12,8,12,44,51,1
0.0,30.1,22.2,26.7,12.4,77,12,20,17,36,117,0
0.0,30.1,22.2,26.7,12.4,77,12,815,5,33,9,0
0.0,30.1,22.2,26.7,12.4,77,12,853,20,24,210,0
0.0,30.1,22.2,26.7,12.4,77,12,847,14,25,3,0
0.0,30.1,22.2,26.7,12.4,77,12,854,19,24,210,0
0.0,26.0,17.7,22.4,19.9,24,12,830,1,26,9,1
0.0,26.0,17.7,22.4,19.9,24,12,1,2,38,131,1
0.0,26.0,17.7,22.4,19.9,24,12,832,5,29,6,1
0.0,26.0,17.7,22.4,19.9,24,12,852,8,23,213,1
0.0,26.0,17.7,22.4,19.9,24,12,842,12,27,213,1
0.0,26.0,17.7,22.4,19.9,24,12,822,6,34,131,1
0.0,26.0,17.7,22.4,19.9,24,12,846,3,23,1,1
0.0,26.0,17.7,22.4,19.9,24,12,4,11,42,214,1
0.0,26.0,17.7,22.4,19.9,24,12,839,9,27,214,1
0.0,26.0,17.7,22.4,19.9,24,12,844,7,26,6,1
0.0,26.0,17.7,22.4,19.9,24,12,20,15,36,117,1
0.0,26.0,17.7,22.4,19.9,24,12,817,10,34,1,1
0.0,26.0,17.7,22.4,19.9,24,12,840,13,24,117,1
0.0,26.0,17.7,22.4,19.9,24,12,854,19,24,210,1
0.0,26.0,17.7,22.4,19.9,24,12,815,4,33,9,0
0.0,26.0,17.7,22.4,19.9,24,12,849,16,28,3,0
0.0,26.0,17.7,22.4,19.9,24,12,841,14,29,51,0
0.0,26.0,17.7,22.4,19.9,24,12,847,17,25,3,0
0.0,26.0,17.7,22.4,19.9,24,12,8,18,44,51,0
0.0,26.0,17.7,22.4,19.9,24,12,853,20,24,210,0
0.0,22.8,17.1,19.9,20.6,3,3,844,1,26,6,1
0.0,22.8,17.1,19.9,20.6,3,3,832,3,29,6,1
0.0,22.8,17.1,19.9,20.6,3,3,1,5,38,131,1
0.0,22.8,17.1,19.9,20.6,3,3,847,9,25,131,1
0.0,22.8,17.1,19.9,20.6,3,3,825,7,31,210,1
0.0,22.8,17.1,19.9,20.6,3,3,822,6,34,51,1
0.0,22.8,17.1,19.9,20.6,3,3,839,11,27,214,1
0.0,22.8,17.1,19.9,20.6,3,3,852,16,23,213,1
0.0,22.8,17.1,19.9,20.6,3,3,4,8,42,214,1
0.0,22.8,17.1,19.9,20.6,3,3,855,15,24,51,1
0.0,22.8,17.1,19.9,20.6,3,3,854,12,24,210,1
0.0,22.8,17.1,19.9,20.6,3,3,840,19,24,117,1
0.0,22.8,17.1,19.9,20.6,3,3,848,14,27,3,1
0.0,22.8,17.1,19.9,20.6,3,3,817,18,34,1,1
0.0,22.8,17.1,19.9,20.6,3,3,846,13,23,1,1
0.0,22.8,17.1,19.9,20.6,3,3,849,20,28,3,1
0.0,22.8,17.1,19.9,20.6,3,3,807,17,36,117,1
0.0,22.8,17.1,19.9,20.6,3,3,815,4,33,9,0
0.0,22.8,17.1,19.9,20.6,3,3,830,2,26,9,0
0.0,22.8,17.1,19.9,20.6,3,3,842,10,27,213,0
0.0,30.4,19.6,24.9,28.3,77,3,830,4,26,9,1
0.0,30.4,19.6,24.9,28.3,77,3,844,2,26,6,1
0.0,30.4,19.6,24.9,28.3,77,3,832,3,29,6,1
0.0,30.4,19.6,24.9,28.3,77,3,815,1,33,9,1
0.0,30.4,19.6,24.9,28.3,77,3,847,6,25,131,1
0.0,30.4,19.6,24.9,28.3,77,3,839,5,27,214,1
0.0,30.4,19.6,24.9,28.3,77,3,846,11,23,1,1
0.0,30.4,19.6,24.9,28.3,77,3,842,9,27,213,1
0.0,30.4,19.6,24.9,28.3,77,3,825,10,31,210,1
0.0,30.4,19.6,24.9,28.3,77,3,1,15,38,131,1
0.0,30.4,19.6,24.9,28.3,77,3,855,12,24,51,1
0.0,30.4,19.6,24.9,28.3,77,3,807,17,36,117,1
0.0,30.4,19.6,24.9,28.3,77,3,840,13,24,117,1
0.0,30.4,19.6,24.9,28.3,77,3,848,16,27,3,0
0.0,30.4,19.6,24.9,28.3,77,3,822,8,34,51,0
0.0,30.4,19.6,24.9,28.3,77,3,4,7,42,214,0
0.0,30.4,19.6,24.9,28.3,77,3,817,14,34,1,0
0.0,30.4,19.6,24.9,28.3,77,3,849,18,28,3,0
0.0,30.4,19.6,24.9,28.3,77,3,852,19,23,213,0
0.0,30.4,19.6,24.9,28.3,77,3,854,0,24,210,0
0.9,26.4,14.9,19.5,22.3,1,4,844,1,26,6,1
0.9,26.4,14.9,19.5,22.3,1,4,815,3,33,9,1
0.9,26.4,14.9,19.5,22.3,1,4,847,6,25,131,1
0.9,26.4,14.9,19.5,22.3,1,4,1,5,38,131,1
0.9,26.4,14.9,19.5,22.3,1,4,846,4,23,1,1
0.9,26.4,14.9,19.5,22.3,1,4,817,7,34,1,1
0.9,26.4,14.9,19.5,22.3,1,4,839,8,27,214,1
0.9,26.4,14.9,19.5,22.3,1,4,822,12,34,51,1
0.9,26.4,14.9,19.5,22.3,1,4,842,11,27,213,1
0.9,26.4,14.9,19.5,22.3,1,4,848,20,27,3,1
0.9,26.4,14.9,19.5,22.3,1,4,855,14,24,51,1
0.9,26.4,14.9,19.5,22.3,1,4,840,19,24,117,1
0.9,26.4,14.9,19.5,22.3,1,4,854,15,24,210,1
0.9,26.4,14.9,19.5,22.3,1,4,825,16,31,210,1
0.9,26.4,14.9,19.5,22.3,1,4,852,13,23,213,1
0.9,26.4,14.9,19.5,22.3,1,4,849,18,28,3,1
0.9,26.4,14.9,19.5,22.3,1,4,4,10,42,214,1
0.9,26.4,14.9,19.5,22.3,1,4,830,2,26,9,0
0.9,26.4,14.9,19.5,22.3,1,4,20,17,36,117,0
0.9,26.4,14.9,19.5,22.3,1,4,832,9,29,6,0
2.4,16.5,10.1,12.9,18.0,21,4,830,1,26,9,1
2.4,16.5,10.1,12.9,18.0,21,4,815,3,33,9,1
2.4,16.5,10.1,12.9,18.0,21,4,846,5,23,1,1
2.4,16.5,10.1,12.9,18.0,21,4,847,11,25,131,1
2.4,16.5,10.1,12.9,18.0,21,4,822,7,34,51,1
2.4,16.5,10.1,12.9,18.0,21,4,844,2,26,6,1
2.4,16.5,10.1,12.9,18.0,21,4,852,12,23,213,1
2.4,16.5,10.1,12.9,18.0,21,4,20,13,36,117,1
2.4,16.5,10.1,12.9,18.0,21,4,825,8,31,210,1
2.4,16.5,10.1,12.9,18.0,21,4,840,15,24,117,1
2.4,16.5,10.1,12.9,18.0,21,4,848,18,27,3,1
2.4,16.5,10.1,12.9,18.0,21,4,842,17,27,213,1
2.4,16.5,10.1,12.9,18.0,21,4,1,14,38,131,1
2.4,16.5,10.1,12.9,18.0,21,4,839,16,27,214,1
2.4,16.5,10.1,12.9,18.0,21,4,855,0,24,51,1
2.4,16.5,10.1,12.9,18.0,21,4,849,19,28,3,1
2.4,16.5,10.1,12.9,18.0,21,4,854,10,24,210,1
2.4,16.5,10.1,12.9,18.0,21,4,817,6,34,1,1
2.4,16.5,10.1,12.9,18.0,21,4,4,9,42,214,0
2.4,16.5,10.1,12.9,18.0,21,4,832,4,29,6,0
2.7,30.3,23.3,26.0,16.6,79,5,830,3,26,9,1
2.7,30.3,23.3,26.0,16.6,79,5,844,1,26,6,1
2.7,30.3,23.3,26.0,16.6,79,5,832,2,29,6,1
2.7,30.3,23.3,26.0,16.6,79,5,815,4,33,9,1
2.7,30.3,23.3,26.0,16.6,79,5,847,12,25,131,1
2.7,30.3,23.3,26.0,16.6,79,5,1,6,38,131,1
2.7,30.3,23.3,26.0,16.6,79,5,822,5,34,51,1
2.7,30.3,23.3,26.0,16.6,79,5,839,20,27,214,1
2.7,30.3,23.3,26.0,16.6,79,5,848,18,27,3,1
2.7,30.3,23.3,26.0,16.6,79,5,840,0,24,117,1
2.7,30.3,23.3,26.0,16.6,79,5,4,11,42,214,1
2.7,30.3,23.3,26.0,16.6,79,5,852,9,23,213,1
2.7,30.3,23.3,26.0,16.6,79,5,817,14,34,1,1
2.7,30.3,23.3,26.0,16.6,79,5,849,19,28,3,1
2.7,30.3,23.3,26.0,16.6,79,5,854,15,24,210,1
2.7,30.3,23.3,26.0,16.6,79,5,825,16,31,210,0
2.7,30.3,23.3,26.0,16.6,79,5,20,0,36,117,0
2.7,30.3,23.3,26.0,16.6,79,5,842,7,27,213,0
2.7,30.3,23.3,26.0,16.6,79,5,846,8,23,1,0
2.7,30.3,23.3,26.0,16.6,79,5,855,17,24,51,0
0.0,30.8,17.1,24.5,21.4,4,5,830,2,26,9,1
0.0,30.8,17.1,24.5,21.4,4,5,815,5,33,9,1
0.0,30.8,17.1,24.5,21.4,4,5,847,4,25,131,1
0.0,30.8,17.1,24.5,21.4,4,5,832,3,29,6,1
0.0,30.8,17.1,24.5,21.4,4,5,1,6,38,131,1
0.0,30.8,17.1,24.5,21.4,4,5,822,7,34,51,1
0.0,30.8,17.1,24.5,21.4,4,5,839,12,27,214,1
0.0,30.8,17.1,24.5,21.4,4,5,846,11,23,1,1
0.0,30.8,17.1,24.5,21.4,4,5,4,20,42,214,1
0.0,30.8,17.1,24.5,21.4,4,5,852,13,23,213,1
0.0,30.8,17.1,24.5,21.4,4,5,20,16,36,117,1
0.0,30.8,17.1,24.5,21.4,4,5,817,9,34,1,1
0.0,30.8,17.1,24.5,21.4,4,5,842,14,27,213,1
0.0,30.8,17.1,24.5,21.4,4,5,854,10,24,210,1
0.0,30.8,17.1,24.5,21.4,4,5,840,17,24,117,1
0.0,30.8,17.1,24.5,21.4,4,5,849,19,28,3,1
0.0,30.8,17.1,24.5,21.4,4,5,825,8,31,210,1
0.0,30.8,17.1,24.5,21.4,4,5,848,18,27,3,1
0.0,30.8,17.1,24.5,21.4,4,5,855,15,24,51,0
0.0,30.8,17.1,24.5,21.4,4,5,844,1,26,6,0
5.8,22.1,17.7,20.1,10.3,6,5,815,3,33,9,1
5.8,22.1,17.7,20.1,10.3,6,5,832,2,29,6,1
5.8,22.1,17.7,20.1,10.3,6,5,830,4,26,9,1
5.8,22.1,17.7,20.1,10.3,6,5,844,1,26,6,1
5.8,22.1,17.7,20.1,10.3,6,5,847,6,25,131,1
5.8,22.1,17.7,20.1,10.3,6,5,846,5,23,1,1
5.8,22.1,17.7,20.1,10.3,6,5,4,7,42,214,1
5.8,22.1,17.7,20.1,10.3,6,5,1,8,38,131,1
5.8,22.1,17.7,20.1,10.3,6,5,822,12,34,51,1
5.8,22.1,17.7,20.1,10.3,6,5,20,9,36,117,1
5.8,22.1,17.7,20.1,10.3,6,5,842,17,27,213,1
5.8,22.1,17.7,20.1,10.3,6,5,839,10,27,214,1
5.8,22.1,17.7,20.1,10.3,6,5,817,14,34,1,1
5.8,22.1,17.7,20.1,10.3,6,5,840,18,24,117,1
5.8,22.1,17.7,20.1,10.3,6,5,849,19,28,3,1
5.8,22.1,17.7,20.1,10.3,6,5,855,20,24,51,1
5.8,22.1,17.7,20.1,10.3,6,5,852,11,23,213,1
5.8,22.1,17.7,20.1,10.3,6,5,848,16,27,3,0
5.8,22.1,17.7,20.1,10.3,6,5,854,15,24,210,0
5.8,22.1,17.7,20.1,10.3,6,5,825,13,31,210,0
0.0,27.9,21.9,25.2,22.1,73,6,830,3,26,9,1
0.0,27.9,21.9,25.2,22.1,73,6,815,2,33,9,1
0.0,27.9,21.9,25.2,22.1,73,6,847,5,25,131,1
0.0,27.9,21.9,25.2,22.1,73,6,1,7,38,131,1
0.0,27.9,21.9,25.2,22.1,73,6,842,6,27,213,1
0.0,27.9,21.9,25.2,22.1,73,6,20,9,36,117,1
0.0,27.9,21.9,25.2,22.1,73,6,4,10,42,214,1
0.0,27.9,21.9,25.2,22.1,73,6,817,12,34,1,1
0.0,27.9,21.9,25.2,22.1,73,6,846,11,23,1,1
0.0,27.9,21.9,25.2,22.1,73,6,839,13,27,214,1
0.0,27.9,21.9,25.2,22.1,73,6,822,15,34,51,1
0.0,27.9,21.9,25.2,22.1,73,6,848,17,27,3,1
0.0,27.9,21.9,25.2,22.1,73,6,852,8,23,213,1
0.0,27.9,21.9,25.2,22.1,73,6,854,20,24,210,1
0.0,27.9,21.9,25.2,22.1,73,6,849,18,28,3,1
0.0,27.9,21.9,25.2,22.1,73,6,840,19,24,117,0
0.0,27.9,21.9,25.2,22.1,73,6,825,16,31,210,0
0.0,27.9,21.9,25.2,22.1,73,6,855,14,24,51,0
0.0,27.9,21.9,25.2,22.1,73,6,844,1,26,6,0
0.0,27.9,21.9,25.2,22.1,73,6,832,4,29,6,0
0.0,21.3,11.4,16.2,24.2,7,6,830,1,26,9,1
0.0,21.3,11.4,16.2,24.2,7,6,832,3,29,6,1
0.0,21.3,11.4,16.2,24.2,7,6,1,4,38,131,1
0.0,21.3,11.4,16.2,24.2,7,6,847,8,25,131,1
0.0,21.3,11.4,16.2,24.2,7,6,844,19,26,6,1
0.0,21.3,11.4,16.2,24.2,7,6,839,7,27,214,1
0.0,21.3,11.4,16.2,24.2,7,6,822,11,34,51,1
0.0,21.3,11.4,16.2,24.2,7,6,855,10,24,51,1
0.0,21.3,11.4,16.2,24.2,7,6,4,2,42,214,1
0.0,21.3,11.4,16.2,24.2,7,6,840,17,24,117,1
0.0,21.3,11.4,16.2,24.2,7,6,817,9,34,1,1
0.0,21.3,11.4,16.2,24.2,7,6,20,16,36,117,1
0.0,21.3,11.4,16.2,24.2,7,6,848,12,27,3,1
0.0,21.3,11.4,16.2,24.2,7,6,842,15,27,213,1
0.0,21.3,11.4,16.2,24.2,7,6,846,14,23,1,1
0.0,21.3,11.4,16.2,24.2,7,6,849,18,28,3,1
0.0,21.3,11.4,16.2,24.2,7,6,825,5,31,210,1
0.0,21.3,11.4,16.2,24.2,7,6,852,20,23,213,0
0.0,21.3,11.4,16.2,24.2,7,6,854,6,24,210,0
0.0,21.3,11.4,16.2,24.2,7,6,815,13,33,9,0
0.2,18.8,9.1,14.9,15.0,9,7,832,1,29,6,1
0.2,18.8,9.1,14.9,15.0,9,7,815,4,33,9,1
0.2,18.8,9.1,14.9,15.0,9,7,1,5,38,131,1
0.2,18.8,9.1,14.9,15.0,9,7,844,3,26,6,1
0.2,18.8,9.1,14.9,15.0,9,7,4,7,42,214,1
0.2,18.8,9.1,14.9,15.0,9,7,846,6,23,1,1
0.2,18.8,9.1,14.9,15.0,9,7,830,2,26,9,1
0.2,18.8,9.1,14.9,15.0,9,7,854,19,24,210,1
0.2,18.8,9.1,14.9,15.0,9,7,20,18,36,117,1
0.2,18.8,9.1,14.9,15.0,9,7,825,17,31,210,1
0.2,18.8,9.1,14.9,15.0,9,7,840,20,24,117,1
0.2,18.8,9.1,14.9,15.0,9,7,849,10,28,3,1
0.2,18.8,9.1,14.9,15.0,9,7,817,14,34,1,1
0.2,18.8,9.1,14.9,15.0,9,7,852,13,23,213,1
0.2,18.8,9.1,14.9,15.0,9,7,839,15,27,214,0
0.2,18.8,9.1,14.9,15.0,9,7,842,11,27,213,0
0.2,18.8,9.1,14.9,15.0,9,7,822,12,34,51,0
0.2,18.8,9.1,14.9,15.0,9,7,847,8,25,131,0
0.2,18.8,9.1,14.9,15.0,9,7,855,9,24,51,0
0.2,18.8,9.1,14.9,15.0,9,7,848,16,27,3,0
2.5,19.5,12.4,15.8,12.7,70,7,844,2,26,6,1
2.5,19.5,12.4,15.8,12.7,70,7,830,1,26,9,1
2.5,19.5,12.4,15.8,12.7,70,7,1,8,38,131,1
2.5,19.5,12.4,15.8,12.7,70,7,847,4,25,131,1
2.5,19.5,12.4,15.8,12.7,70,7,839,6,27,214,1
2.5,19.5,12.4,15.8,12.7,70,7,854,9,24,210,1
2.5,19.5,12.4,15.8,12.7,70,7,846,10,23,1,1
2.5,19.5,12.4,15.8,12.7,70,7,825,7,31,210,1
2.5,19.5,12.4,15.8,12.7,70,7,817,11,34,1,1
2.5,19.5,12.4,15.8,12.7,70,7,4,19,42,214,1
2.5,19.5,12.4,15.8,12.7,70,7,822,0,34,51,1
2.5,19.5,12.4,15.8,12.7,70,7,848,15,27,3,1
2.5,19.5,12.4,15.8,12.7,70,7,840,12,24,117,1
2.5,19.5,12.4,15.8,12.7,70,7,855,13,24,51,1
2.5,19.5,12.4,15.8,12.7,70,7,842,14,27,213,1
2.5,19.5,12.4,15.8,12.7,70,7,852,16,23,213,1
2.5,19.5,12.4,15.8,12.7,70,7,20,18,36,117,1
2.5,19.5,12.4,15.8,12.7,70,7,832,3,29,6,0
2.5,19.5,12.4,15.8,12.7,70,7,849,17,28,3,0
2.5,19.5,12.4,15.8,12.7,70,7,815,5,33,9,0
0.0,31.1,22.4,26.5,13.1,34,7,830,2,26,9,1
0.0,31.1,22.4,26.5,13.1,34,7,1,4,38,131,1
0.0,31.1,22.4,26.5,13.1,34,7,847,6,25,131,1
0.0,31.1,22.4,26.5,13.1,34,7,815,3,33,9,1
0.0,31.1,22.4,26.5,13.1,34,7,832,19,29,6,1
0.0,31.1,22.4,26.5,13.1,34,7,4,7,42,214,1
0.0,31.1,22.4,26.5,13.1,34,7,846,5,23,1,1
0.0,31.1,22.4,26.5,13.1,34,7,839,10,27,214,1
0.0,31.1,22.4,26.5,13.1,34,7,817,9,34,1,1
0.0,31.1,22.4,26.5,13.1,34,7,840,15,24,117,1
0.0,31.1,22.4,26.5,13.1,34,7,20,12,36,117,1
0.0,31.1,22.4,26.5,13.1,34,7,842,14,27,213,1
0.0,31.1,22.4,26.5,13.1,34,7,848,13,27,3,1
0.0,31.1,22.4,26.5,13.1,34,7,822,11,34,51,1
0.0,31.1,22.4,26.5,13.1,34,7,854,17,24,210,1
0.0,31.1,22.4,26.5,13.1,34,7,855,16,24,51,1
0.0,31.1,22.4,26.5,13.1,34,7,849,18,28,3,0
0.0,31.1,22.4,26.5,13.1,34,7,825,20,31,210,0
0.0,31.1,22.4,26.5,13.1,34,7,844,1,26,6,0
0.0,31.1,22.4,26.5,13.1,34,7,852,8,23,213,0
4.1,18.5,14.5,17.0,29.8,11,7,830,10,26,9,1
4.1,18.5,14.5,17.0,29.8,11,7,1,7,38,131,1
4.1,18.5,14.5,17.0,29.8,11,7,847,1,25,131,1
4.1,18.5,14.5,17.0,29.8,11,7,832,2,29,6,1
4.1,18.5,14.5,17.0,29.8,11,7,815,11,33,9,1
4.1,18.5,14.5,17.0,29.8,11,7,844,3,26,6,1
4.1,18.5,14.5,17.0,29.8,11,7,846,4,23,1,1
4.1,18.5,14.5,17.0,29.8,11,7,4,6,42,214,1
4.1,18.5,14.5,17.0,29.8,11,7,839,5,27,214,1
4.1,18.5,14.5,17.0,29.8,11,7,20,18,36,117,1
4.1,18.5,14.5,17.0,29.8,11,7,840,14,24,117,1
4.1,18.5,14.5,17.0,29.8,11,7,842,0,27,213,1
4.1,18.5,14.5,17.0,29.8,11,7,855,12,24,51,1
4.1,18.5,14.5,17.0,29.8,11,7,854,15,24,210,1
4.1,18.5,14.5,17.0,29.8,11,7,817,9,34,1,1
4.1,18.5,14.5,17.0,29.8,11,7,825,13,31,210,1
4.1,18.5,14.5,17.0,29.8,11,7,848,17,27,3,1
4.1,18.5,14.5,17.0,29.8,11,7,849,19,28,3,1
4.1,18.5,14.5,17.0,29.8,11,7,852,16,23,213,1
4.1,18.5,14.5,17.0,29.8,11,7,822,8,34,51,0
0.0,20.7,13.9,16.7,15.8,13,8,830,14,26,9,1
0.0,20.7,13.9,16.7,15.8,13,8,815,2,33,9,1
0.0,20.7,13.9,16.7,15.8,13,8,832,1,29,6,1
0.0,20.7,13.9,16.7,15.8,13,8,847,5,25,131,1
0.0,20.7,13.9,16.7,15.8,13,8,4,3,42,214,1
0.0,20.7,13.9,16.7,15.8,13,8,844,15,26,6,1
0.0,20.7,13.9,16.7,15.8,13,8,839,16,27,214,1
0.0,20.7,13.9,16.7,15.8,13,8,20,10,36,117,1
0.0,20.7,13.9,16.7,15.8,13,8,842,0,27,213,1
0.0,20.7,13.9,16.7,15.8,13,8,848,6,27,3,1
0.0,20.7,13.9,16.7,15.8,13,8,840,9,24,117,1
0.0,20.7,13.9,16.7,15.8,13,8,846,17,23,1,1
0.0,20.7,13.9,16.7,15.8,13,8,852,0,23,213,1
0.0,20.7,13.9,16.7,15.8,13,8,855,18,24,51,1
0.0,20.7,13.9,16.7,15.8,13,8,817,7,34,1,1
0.0,20.7,13.9,16.7,15.8,13,8,825,12,31,210,1
0.0,20.7,13.9,16.7,15.8,13,8,854,19,24,210,1
0.0,20.7,13.9,16.7,15.8,13,8,849,11,28,3,1
0.0,20.7,13.9,16.7,15.8,13,8,822,13,34,51,0
0.0,20.7,13.9,16.7,15.8,13,8,1,4,38,131,0
0.0,24.1,16.2,20.0,12.8,39,9,830,1,26,9,1
0.0,24.1,16.2,20.0,12.8,39,9,847,6,25,131,1
0.0,24.1,16.2,20.0,12.8,39,9,844,2,26,6,1
0.0,24.1,16.2,20.0,12.8,39,9,1,4,38,131,1
0.0,24.1,16.2,20.0,12.8,39,9,815,5,33,9,1
0.0,24.1,16.2,20.0,12.8,39,9,4,13,42,214,1
0.0,24.1,16.2,20.0,12.8,39,9,846,7,23,1,1
0.0,24.1,16.2,20.0,12.8,39,9,832,3,29,6,1
0.0,24.1,16.2,20.0,12.8,39,9,839,12,27,214,1
0.0,24.1,16.2,20.0,12.8,39,9,840,10,24,117,1
0.0,24.1,16.2,20.0,12.8,39,9,842,11,27,213,1
0.0,24.1,16.2,20.0,12.8,39,9,848,15,27,3,1
0.0,24.1,16.2,20.0,12.8,39,9,854,8,24,210,1
0.0,24.1,16.2,20.0,12.8,39,9,20,19,36,117,1
0.0,24.1,16.2,20.0,12.8,39,9,825,18,31,210,1
0.0,24.1,16.2,20.0,12.8,39,9,855,14,24,51,1
0.0,24.1,16.2,20.0,12.8,39,9,817,17,34,1,1
0.0,24.1,16.2,20.0,12.8,39,9,849,20,28,3,1
0.0,24.1,16.2,20.0,12.8,39,9,822,16,34,51,0
0.0,24.1,16.2,20.0,12.8,39,9,852,9,23,213,0
0.0,24.9,13.5,19.2,7.4,14,9,830,7,26,9,1
0.0,24.9,13.5,19.2,7.4,14,9,844,1,26,6,1
0.0,24.9,13.5,19.2,7.4,14,9,847,2,25,131,1
0.0,24.9,13.5,19.2,7.4,14,9,832,18,29,6,1
0.0,24.9,13.5,19.2,7.4,14,9,1,19,38,131,1
0.0,24.9,13.5,19.2,7.4,14,9,815,13,33,9,1
0.0,24.9,13.5,19.2,7.4,14,9,846,3,23,1,1
0.0,24.9,13.5,19.2,7.4,14,9,842,5,27,213,1
0.0,24.9,13.5,19.2,7.4,14,9,856,8,28,3,1
0.0,24.9,13.5,19.2,7.4,14,9,855,9,24,51,1
0.0,24.9,13.5,19.2,7.4,14,9,839,14,27,214,1
0.0,24.9,13.5,19.2,7.4,14,9,854,17,24,210,1
0.0,24.9,13.5,19.2,7.4,14,9,822,15,34,51,1
0.0,24.9,13.5,19.2,7.4,14,9,852,20,23,213,1
0.0,24.9,13.5,19.2,7.4,14,9,849,10,28,3,1
0.0,24.9,13.5,19.2,7.4,14,9,825,16,31,210,1
0.0,24.9,13.5,19.2,7.4,14,9,817,4,34,1,0
0.0,24.9,13.5,19.2,7.4,14,9,840,12,24,117,0
0.0,24.9,13.5,19.2,7.4,14,9,4,6,42,214,0
0.0,24.9,13.5,19.2,7.4,14,9,20,11,36,117,0
6.2,28.0,25.0,26.6,8.6,15,10,815,2,33,9,1
6.2,28.0,25.0,26.6,8.6,15,10,844,1,26,6,1
6.2,28.0,25.0,26.6,8.6,15,10,832,4,29,6,1
6.2,28.0,25.0,26.6,8.6,15,10,846,6,23,1,1
6.2,28.0,25.0,26.6,8.6,15,10,817,16,34,1,1
6.2,28.0,25.0,26.6,8.6,15,10,840,11,24,117,1
6.2,28.0,25.0,26.6,8.6,15,10,830,8,26,9,1
6.2,28.0,25.0,26.6,8.6,15,10,20,13,36,117,1
6.2,28.0,25.0,26.6,8.6,15,10,1,3,38,131,1
6.2,28.0,25.0,26.6,8.6,15,10,842,7,27,213,1
6.2,28.0,25.0,26.6,8.6,15,10,822,15,34,51,1
6.2,28.0,25.0,26.6,8.6,15,10,825,9,31,210,1
6.2,28.0,25.0,26.6,8.6,15,10,854,12,24,210,1
6.2,28.0,25.0,26.6,8.6,15,10,847,0,25,131,1
6.2,28.0,25.0,26.6,8.6,15,10,852,10,23,213,0
6.2,28.0,25.0,26.6,8.6,15,10,839,17,27,214,0
6.2,28.0,25.0,26.6,8.6,15,10,848,18,27,3,0
6.2,28.0,25.0,26.6,8.6,15,10,4,5,42,214,0
6.2,28.0,25.0,26.6,8.6,15,10,849,19,28,3,0
6.2,28.0,25.0,26.6,8.6,15,10,855,14,24,51,0
18.5,23.0,15.7,18.2,20.5,22,10,830,1,26,9,1
18.5,23.0,15.7,18.2,20.5,22,10,815,4,33,9,1
18.5,23.0,15.7,18.2,20.5,22,10,844,2,26,6,1
18.5,23.0,15.7,18.2,20.5,22,10,839,5,27,214,1
18.5,23.0,15.7,18.2,20.5,22,10,1,6,38,131,1
18.5,23.0,15.7,18.2,20.5,22,10,20,9,36,117,1
18.5,23.0,15.7,18.2,20.5,22,10,4,7,42,214,1
18.5,23.0,15.7,18.2,20.5,22,10,847,8,25,131,1
18.5,23.0,15.7,18.2,20.5,22,10,849,20,28,3,1
18.5,23.0,15.7,18.2,20.5,22,10,846,10,23,1,1
18.5,23.0,15.7,18.2,20.5,22,10,817,11,34,1,1
18.5,23.0,15.7,18.2,20.5,22,10,840,19,24,117,1
18.5,23.0,15.7,18.2,20.5,22,10,852,13,23,213,1
18.5,23.0,15.7,18.2,20.5,22,10,825,18,31,210,1
18.5,23.0,15.7,18.2,20.5,22,10,822,12,34,51,1
18.5,23.0,15.7,18.2,20.5,22,10,855,14,24,51,1
18.5,23.0,15.7,18.2,20.5,22,10,854,15,24,210,1
18.5,23.0,15.7,18.2,20.5,22,10,842,17,27,213,1
18.5,23.0,15.7,18.2,20.5,22,10,832,3,29,6,0
18.5,23.0,15.7,18.2,20.5,22,10,848,16,27,3,0
0.0,30.4,20.0,24.4,28.6,69,10,830,2,26,9,1
0.0,30.4,20.0,24.4,28.6,69,10,1,3,38,131,1
0.0,30.4,20.0,24.4,28.6,69,10,844,12,26,6,1
0.0,30.4,20.0,24.4,28.6,69,10,815,9,33,9,1
0.0,30.4,20.0,24.4,28.6,69,10,847,4,25,131,1
0.0,30.4,20.0,24.4,28.6,69,10,846,6,23,1,1
0.0,30.4,20.0,24.4,28.6,69,10,4,14,42,214,1
0.0,30.4,20.0,24.4,28.6,69,10,20,10,36,117,1
0.0,30.4,20.0,24.4,28.6,69,10,825,13,31,210,1
0.0,30.4,20.0,24.4,28.6,69,10,852,19,23,213,1
0.0,30.4,20.0,24.4,28.6,69,10,839,0,27,214,1
0.0,30.4,20.0,24.4,28.6,69,10,855,18,24,51,1
0.0,30.4,20.0,24.4,28.6,69,10,848,8,27,3,1
0.0,30.4,20.0,24.4,28.6,69,10,842,11,27,213,1
0.0,30.4,20.0,24.4,28.6,69,10,854,16,24,210,1
0.0,30.4,20.0,24.4,28.6,69,10,817,15,34,1,1
0.0,30.4,20.0,24.4,28.6,69,10,849,17,28,3,1
0.0,30.4,20.0,24.4,28.6,69,10,840,5,24,117,0
0.0,30.4,20.0,24.4,28.6,69,10,822,7,34,51,0
0.0,30.4,20.0,24.4,28.6,69,10,832,1,29,6,0
0.0,22.1,11.6,16.1,12.1,32,10,830,1,26,9,1
0.0,22.1,11.6,16.1,12.1,32,10,1,3,38,131,1
0.0,22.1,11.6,16.1,12.1,32,10,815,4,33,9,1
0.0,22.1,11.6,16.1,12.1,32,10,847,2,25,131,1
0.0,22.1,11.6,16.1,12.1,32,10,832,5,29,6,1
0.0,22.1,11.6,16.1,12.1,32,10,844,7,26,6,1
0.0,22.1,11.6,16.1,12.1,32,10,817,11,34,1,1
0.0,22.1,11.6,16.1,12.1,32,10,839,10,27,214,1
0.0,22.1,11.6,16.1,12.1,32,10,846,8,23,1,1
0.0,22.1,11.6,16.1,12.1,32,10,822,6,34,51,1
0.0,22.1,11.6,16.1,12.1,32,10,842,14,27,213,1
0.0,22.1,11.6,16.1,12.1,32,10,848,17,27,3,1
0.0,22.1,11.6,16.1,12.1,32,10,855,12,24,51,1
0.0,22.1,11.6,16.1,12.1,32,10,20,16,36,117,1
0.0,22.1,11.6,16.1,12.1,32,10,840,20,24,117,1
0.0,22.1,11.6,16.1,12.1,32,10,854,15,24,210,1
0.0,22.1,11.6,16.1,12.1,32,10,825,19,31,210,1
0.0,22.1,11.6,16.1,12.1,32,10,849,18,28,3,1
0.0,22.1,11.6,16.1,12.1,32,10,4,9,42,214,0
0.0,22.1,11.6,16.1,12.1,32,10,852,13,23,213,0
1.2,25.8,16.8,20.8,13.0,18,11,847,1,25,131,1
1.2,25.8,16.8,20.8,13.0,18,11,1,2,38,131,1
1.2,25.8,16.8,20.8,13.0,18,11,832,7,29,6,1
1.2,25.8,16.8,20.8,13.0,18,11,844,5,26,6,1
1.2,25.8,16.8,20.8,13.0,18,11,4,17,42,214,1
1.2,25.8,16.8,20.8,13.0,18,11,830,3,26,9,1
1.2,25.8,16.8,20.8,13.0,18,11,815,4,33,9,1
1.2,25.8,16.8,20.8,13.0,18,11,839,16,27,214,1
1.2,25.8,16.8,20.8,13.0,18,11,822,14,34,51,1
1.2,25.8,16.8,20.8,13.0,18,11,840,15,24,117,1
1.2,25.8,16.8,20.8,13.0,18,11,20,9,36,117,1
1.2,25.8,16.8,20.8,13.0,18,11,855,13,24,51,1
1.2,25.8,16.8,20.8,13.0,18,11,854,12,24,210,1
1.2,25.8,16.8,20.8,13.0,18,11,842,10,27,213,1
1.2,25.8,16.8,20.8,13.0,18,11,848,19,27,3,1
1.2,25.8,16.8,20.8,13.0,18,11,849,18,28,3,1
1.2,25.8,16.8,20.8,13.0,18,11,852,0,23,213,1
1.2,25.8,16.8,20.8,13.0,18,11,846,6,23,1,0
1.2,25.8,16.8,20.8,13.0,18,11,825,8,31,210,0
1.2,25.8,16.8,20.8,13.0,18,11,817,11,34,1,0
0.0,31.3,23.7,27.2,28.9,24,11,830,1,26,9,1
0.0,31.3,23.7,27.2,28.9,24,11,844,3,26,6,1
0.0,31.3,23.7,27.2,28.9,24,11,815,2,33,9,1
0.0,31.3,23.7,27.2,28.9,24,11,832,4,29,6,1
0.0,31.3,23.7,27.2,28.9,24,11,847,6,25,131,1
0.0,31.3,23.7,27.2,28.9,24,11,846,7,23,1,1
0.0,31.3,23.7,27.2,28.9,24,11,839,8,27,214,1
0.0,31.3,23.7,27.2,28.9,24,11,840,14,24,117,1
0.0,31.3,23.7,27.2,28.9,24,11,817,13,34,1,1
0.0,31.3,23.7,27.2,28.9,24,11,20,9,36,117,1
0.0,31.3,23.7,27.2,28.9,24,11,852,11,23,213,1
0.0,31.3,23.7,27.2,28.9,24,11,855,15,24,51,1
0.0,31.3,23.7,27.2,28.9,24,11,848,19,27,3,1
0.0,31.3,23.7,27.2,28.9,24,11,842,17,27,213,1
0.0,31.3,23.7,27.2,28.9,24,11,822,18,34,51,1
0.0,31.3,23.7,27.2,28.9,24,11,854,12,24,210,1
0.0,31.3,23.7,27.2,28.9,24,11,825,16,31,210,1
0.0,31.3,23.7,27.2,28.9,24,11,1,5,38,131,0
0.0,31.3,23.7,27.2,28.9,24,11,849,20,28,3,0
0.0,31.3,23.7,27.2,28.9,24,11,4,10,42,214,0
